[2026-06-09T17:38:00.200+0000] {processor.py:186} INFO - Started process (PID=51) to work on /opt/airflow/dags/ride_pipeline.py
[2026-06-09T17:38:00.202+0000] {processor.py:914} INFO - Processing file /opt/airflow/dags/ride_pipeline.py for tasks to queue
[2026-06-09T17:38:00.206+0000] {logging_mixin.py:190} INFO - [2026-06-09T17:38:00.206+0000] {dagbag.py:587} INFO - Filling up the DagBag from /opt/airflow/dags/ride_pipeline.py
[2026-06-09T17:38:05.038+0000] {processor.py:925} INFO - DAG(s) 'ride_pipeline_monitor' retrieved from /opt/airflow/dags/ride_pipeline.py
[2026-06-09T17:38:05.242+0000] {logging_mixin.py:190} INFO - [2026-06-09T17:38:05.241+0000] {override.py:1858} INFO - Created Permission View: can delete on DAG:ride_pipeline_monitor
[2026-06-09T17:38:05.275+0000] {logging_mixin.py:190} INFO - [2026-06-09T17:38:05.275+0000] {override.py:1858} INFO - Created Permission View: can read on DAG:ride_pipeline_monitor
[2026-06-09T17:38:05.288+0000] {logging_mixin.py:190} INFO - [2026-06-09T17:38:05.287+0000] {override.py:1858} INFO - Created Permission View: can edit on DAG:ride_pipeline_monitor
[2026-06-09T17:38:05.289+0000] {logging_mixin.py:190} INFO - [2026-06-09T17:38:05.288+0000] {dag.py:3211} INFO - Sync 1 DAGs
[2026-06-09T17:38:05.308+0000] {logging_mixin.py:190} INFO - [2026-06-09T17:38:05.308+0000] {dag.py:3234} INFO - Creating ORM DAG for ride_pipeline_monitor
[2026-06-09T17:38:05.320+0000] {logging_mixin.py:190} INFO - [2026-06-09T17:38:05.320+0000] {dag.py:4138} INFO - Setting next_dagrun for ride_pipeline_monitor to 2026-06-09 16:00:00+00:00, run_after=2026-06-09 17:00:00+00:00
[2026-06-09T17:38:05.366+0000] {processor.py:208} INFO - Processing /opt/airflow/dags/ride_pipeline.py took 5.162 seconds
[2026-06-09T17:38:36.004+0000] {processor.py:186} INFO - Started process (PID=74) to work on /opt/airflow/dags/ride_pipeline.py
[2026-06-09T17:38:36.005+0000] {processor.py:914} INFO - Processing file /opt/airflow/dags/ride_pipeline.py for tasks to queue
[2026-06-09T17:38:36.007+0000] {logging_mixin.py:190} INFO - [2026-06-09T17:38:36.007+0000] {dagbag.py:587} INFO - Filling up the DagBag from /opt/airflow/dags/ride_pipeline.py
[2026-06-09T17:38:36.797+0000] {processor.py:925} INFO - DAG(s) 'ride_pipeline_monitor' retrieved from /opt/airflow/dags/ride_pipeline.py
[2026-06-09T17:38:36.813+0000] {logging_mixin.py:190} INFO - [2026-06-09T17:38:36.812+0000] {dag.py:3211} INFO - Sync 1 DAGs
[2026-06-09T17:38:36.832+0000] {logging_mixin.py:190} INFO - [2026-06-09T17:38:36.832+0000] {dag.py:4138} INFO - Setting next_dagrun for ride_pipeline_monitor to 2026-06-09 16:00:00+00:00, run_after=2026-06-09 17:00:00+00:00
[2026-06-09T17:38:36.854+0000] {processor.py:208} INFO - Processing /opt/airflow/dags/ride_pipeline.py took 0.856 seconds
[2026-06-09T17:39:07.370+0000] {processor.py:186} INFO - Started process (PID=78) to work on /opt/airflow/dags/ride_pipeline.py
[2026-06-09T17:39:07.371+0000] {processor.py:914} INFO - Processing file /opt/airflow/dags/ride_pipeline.py for tasks to queue
[2026-06-09T17:39:07.374+0000] {logging_mixin.py:190} INFO - [2026-06-09T17:39:07.374+0000] {dagbag.py:587} INFO - Filling up the DagBag from /opt/airflow/dags/ride_pipeline.py
[2026-06-09T17:39:08.573+0000] {processor.py:925} INFO - DAG(s) 'ride_pipeline_monitor' retrieved from /opt/airflow/dags/ride_pipeline.py
[2026-06-09T17:39:08.604+0000] {logging_mixin.py:190} INFO - [2026-06-09T17:39:08.604+0000] {dag.py:3211} INFO - Sync 1 DAGs
[2026-06-09T17:39:08.641+0000] {logging_mixin.py:190} INFO - [2026-06-09T17:39:08.641+0000] {dag.py:4138} INFO - Setting next_dagrun for ride_pipeline_monitor to 2026-06-09 16:00:00+00:00, run_after=2026-06-09 17:00:00+00:00
[2026-06-09T17:39:08.673+0000] {processor.py:208} INFO - Processing /opt/airflow/dags/ride_pipeline.py took 1.310 seconds
[2026-06-09T17:39:39.179+0000] {processor.py:186} INFO - Started process (PID=82) to work on /opt/airflow/dags/ride_pipeline.py
[2026-06-09T17:39:39.181+0000] {processor.py:914} INFO - Processing file /opt/airflow/dags/ride_pipeline.py for tasks to queue
[2026-06-09T17:39:39.185+0000] {logging_mixin.py:190} INFO - [2026-06-09T17:39:39.184+0000] {dagbag.py:587} INFO - Filling up the DagBag from /opt/airflow/dags/ride_pipeline.py
[2026-06-09T17:39:40.160+0000] {processor.py:925} INFO - DAG(s) 'ride_pipeline_monitor' retrieved from /opt/airflow/dags/ride_pipeline.py
[2026-06-09T17:39:40.181+0000] {logging_mixin.py:190} INFO - [2026-06-09T17:39:40.181+0000] {dag.py:3211} INFO - Sync 1 DAGs
[2026-06-09T17:39:40.206+0000] {logging_mixin.py:190} INFO - [2026-06-09T17:39:40.205+0000] {dag.py:4138} INFO - Setting next_dagrun for ride_pipeline_monitor to 2026-06-09 16:00:00+00:00, run_after=2026-06-09 17:00:00+00:00
[2026-06-09T17:39:40.236+0000] {processor.py:208} INFO - Processing /opt/airflow/dags/ride_pipeline.py took 1.065 seconds
[2026-06-09T17:40:10.629+0000] {processor.py:186} INFO - Started process (PID=86) to work on /opt/airflow/dags/ride_pipeline.py
[2026-06-09T17:40:10.631+0000] {processor.py:914} INFO - Processing file /opt/airflow/dags/ride_pipeline.py for tasks to queue
[2026-06-09T17:40:10.634+0000] {logging_mixin.py:190} INFO - [2026-06-09T17:40:10.633+0000] {dagbag.py:587} INFO - Filling up the DagBag from /opt/airflow/dags/ride_pipeline.py
[2026-06-09T17:40:11.606+0000] {processor.py:925} INFO - DAG(s) 'ride_pipeline_monitor' retrieved from /opt/airflow/dags/ride_pipeline.py
[2026-06-09T17:40:11.631+0000] {logging_mixin.py:190} INFO - [2026-06-09T17:40:11.631+0000] {dag.py:3211} INFO - Sync 1 DAGs
[2026-06-09T17:40:11.659+0000] {logging_mixin.py:190} INFO - [2026-06-09T17:40:11.659+0000] {dag.py:4138} INFO - Setting next_dagrun for ride_pipeline_monitor to 2026-06-09 16:00:00+00:00, run_after=2026-06-09 17:00:00+00:00
[2026-06-09T17:40:11.689+0000] {processor.py:208} INFO - Processing /opt/airflow/dags/ride_pipeline.py took 1.067 seconds
[2026-06-09T17:40:41.941+0000] {processor.py:186} INFO - Started process (PID=90) to work on /opt/airflow/dags/ride_pipeline.py
[2026-06-09T17:40:41.943+0000] {processor.py:914} INFO - Processing file /opt/airflow/dags/ride_pipeline.py for tasks to queue
[2026-06-09T17:40:41.945+0000] {logging_mixin.py:190} INFO - [2026-06-09T17:40:41.945+0000] {dagbag.py:587} INFO - Filling up the DagBag from /opt/airflow/dags/ride_pipeline.py
[2026-06-09T17:40:42.912+0000] {processor.py:925} INFO - DAG(s) 'ride_pipeline_monitor' retrieved from /opt/airflow/dags/ride_pipeline.py
[2026-06-09T17:40:42.929+0000] {logging_mixin.py:190} INFO - [2026-06-09T17:40:42.929+0000] {dag.py:3211} INFO - Sync 1 DAGs
[2026-06-09T17:40:42.955+0000] {logging_mixin.py:190} INFO - [2026-06-09T17:40:42.955+0000] {dag.py:4138} INFO - Setting next_dagrun for ride_pipeline_monitor to 2026-06-09 16:00:00+00:00, run_after=2026-06-09 17:00:00+00:00
[2026-06-09T17:40:42.983+0000] {processor.py:208} INFO - Processing /opt/airflow/dags/ride_pipeline.py took 1.047 seconds
[2026-06-09T17:41:13.244+0000] {processor.py:186} INFO - Started process (PID=94) to work on /opt/airflow/dags/ride_pipeline.py
[2026-06-09T17:41:13.245+0000] {processor.py:914} INFO - Processing file /opt/airflow/dags/ride_pipeline.py for tasks to queue
[2026-06-09T17:41:13.248+0000] {logging_mixin.py:190} INFO - [2026-06-09T17:41:13.247+0000] {dagbag.py:587} INFO - Filling up the DagBag from /opt/airflow/dags/ride_pipeline.py
[2026-06-09T17:41:14.058+0000] {processor.py:925} INFO - DAG(s) 'ride_pipeline_monitor' retrieved from /opt/airflow/dags/ride_pipeline.py
[2026-06-09T17:41:14.078+0000] {logging_mixin.py:190} INFO - [2026-06-09T17:41:14.078+0000] {dag.py:3211} INFO - Sync 1 DAGs
[2026-06-09T17:41:14.112+0000] {logging_mixin.py:190} INFO - [2026-06-09T17:41:14.111+0000] {dag.py:4138} INFO - Setting next_dagrun for ride_pipeline_monitor to 2026-06-09 16:00:00+00:00, run_after=2026-06-09 17:00:00+00:00
[2026-06-09T17:41:14.151+0000] {processor.py:208} INFO - Processing /opt/airflow/dags/ride_pipeline.py took 0.913 seconds
[2026-06-09T17:41:44.404+0000] {processor.py:186} INFO - Started process (PID=98) to work on /opt/airflow/dags/ride_pipeline.py
[2026-06-09T17:41:44.406+0000] {processor.py:914} INFO - Processing file /opt/airflow/dags/ride_pipeline.py for tasks to queue
[2026-06-09T17:41:44.410+0000] {logging_mixin.py:190} INFO - [2026-06-09T17:41:44.409+0000] {dagbag.py:587} INFO - Filling up the DagBag from /opt/airflow/dags/ride_pipeline.py
[2026-06-09T17:41:45.198+0000] {processor.py:925} INFO - DAG(s) 'ride_pipeline_monitor' retrieved from /opt/airflow/dags/ride_pipeline.py
[2026-06-09T17:41:45.214+0000] {logging_mixin.py:190} INFO - [2026-06-09T17:41:45.214+0000] {dag.py:3211} INFO - Sync 1 DAGs
[2026-06-09T17:41:45.233+0000] {logging_mixin.py:190} INFO - [2026-06-09T17:41:45.233+0000] {dag.py:4138} INFO - Setting next_dagrun for ride_pipeline_monitor to 2026-06-09 16:00:00+00:00, run_after=2026-06-09 17:00:00+00:00
[2026-06-09T17:41:45.257+0000] {processor.py:208} INFO - Processing /opt/airflow/dags/ride_pipeline.py took 0.858 seconds
[2026-06-09T17:42:15.464+0000] {processor.py:186} INFO - Started process (PID=102) to work on /opt/airflow/dags/ride_pipeline.py
[2026-06-09T17:42:15.465+0000] {processor.py:914} INFO - Processing file /opt/airflow/dags/ride_pipeline.py for tasks to queue
[2026-06-09T17:42:15.468+0000] {logging_mixin.py:190} INFO - [2026-06-09T17:42:15.468+0000] {dagbag.py:587} INFO - Filling up the DagBag from /opt/airflow/dags/ride_pipeline.py
[2026-06-09T17:42:16.368+0000] {processor.py:925} INFO - DAG(s) 'ride_pipeline_monitor' retrieved from /opt/airflow/dags/ride_pipeline.py
[2026-06-09T17:42:16.386+0000] {logging_mixin.py:190} INFO - [2026-06-09T17:42:16.386+0000] {dag.py:3211} INFO - Sync 1 DAGs
[2026-06-09T17:42:16.407+0000] {logging_mixin.py:190} INFO - [2026-06-09T17:42:16.407+0000] {dag.py:4138} INFO - Setting next_dagrun for ride_pipeline_monitor to 2026-06-09 16:00:00+00:00, run_after=2026-06-09 17:00:00+00:00
[2026-06-09T17:42:16.430+0000] {processor.py:208} INFO - Processing /opt/airflow/dags/ride_pipeline.py took 0.973 seconds
[2026-06-09T17:42:46.576+0000] {processor.py:186} INFO - Started process (PID=106) to work on /opt/airflow/dags/ride_pipeline.py
[2026-06-09T17:42:46.577+0000] {processor.py:914} INFO - Processing file /opt/airflow/dags/ride_pipeline.py for tasks to queue
[2026-06-09T17:42:46.579+0000] {logging_mixin.py:190} INFO - [2026-06-09T17:42:46.579+0000] {dagbag.py:587} INFO - Filling up the DagBag from /opt/airflow/dags/ride_pipeline.py
[2026-06-09T17:42:47.371+0000] {processor.py:925} INFO - DAG(s) 'ride_pipeline_monitor' retrieved from /opt/airflow/dags/ride_pipeline.py
[2026-06-09T17:42:47.386+0000] {logging_mixin.py:190} INFO - [2026-06-09T17:42:47.386+0000] {dag.py:3211} INFO - Sync 1 DAGs
[2026-06-09T17:42:47.407+0000] {logging_mixin.py:190} INFO - [2026-06-09T17:42:47.406+0000] {dag.py:4138} INFO - Setting next_dagrun for ride_pipeline_monitor to 2026-06-09 16:00:00+00:00, run_after=2026-06-09 17:00:00+00:00
[2026-06-09T17:42:47.429+0000] {processor.py:208} INFO - Processing /opt/airflow/dags/ride_pipeline.py took 0.860 seconds
[2026-06-09T17:43:17.636+0000] {processor.py:186} INFO - Started process (PID=110) to work on /opt/airflow/dags/ride_pipeline.py
[2026-06-09T17:43:17.637+0000] {processor.py:914} INFO - Processing file /opt/airflow/dags/ride_pipeline.py for tasks to queue
[2026-06-09T17:43:17.640+0000] {logging_mixin.py:190} INFO - [2026-06-09T17:43:17.640+0000] {dagbag.py:587} INFO - Filling up the DagBag from /opt/airflow/dags/ride_pipeline.py
[2026-06-09T17:43:18.624+0000] {processor.py:925} INFO - DAG(s) 'ride_pipeline_monitor' retrieved from /opt/airflow/dags/ride_pipeline.py
[2026-06-09T17:43:18.647+0000] {logging_mixin.py:190} INFO - [2026-06-09T17:43:18.646+0000] {dag.py:3211} INFO - Sync 1 DAGs
[2026-06-09T17:43:18.673+0000] {logging_mixin.py:190} INFO - [2026-06-09T17:43:18.672+0000] {dag.py:4138} INFO - Setting next_dagrun for ride_pipeline_monitor to 2026-06-09 16:00:00+00:00, run_after=2026-06-09 17:00:00+00:00
[2026-06-09T17:43:18.699+0000] {processor.py:208} INFO - Processing /opt/airflow/dags/ride_pipeline.py took 1.068 seconds
[2026-06-09T17:43:48.889+0000] {processor.py:186} INFO - Started process (PID=114) to work on /opt/airflow/dags/ride_pipeline.py
[2026-06-09T17:43:48.891+0000] {processor.py:914} INFO - Processing file /opt/airflow/dags/ride_pipeline.py for tasks to queue
[2026-06-09T17:43:48.893+0000] {logging_mixin.py:190} INFO - [2026-06-09T17:43:48.893+0000] {dagbag.py:587} INFO - Filling up the DagBag from /opt/airflow/dags/ride_pipeline.py
[2026-06-09T17:43:49.753+0000] {processor.py:925} INFO - DAG(s) 'ride_pipeline_monitor' retrieved from /opt/airflow/dags/ride_pipeline.py
[2026-06-09T17:43:49.770+0000] {logging_mixin.py:190} INFO - [2026-06-09T17:43:49.769+0000] {dag.py:3211} INFO - Sync 1 DAGs
[2026-06-09T17:43:49.790+0000] {logging_mixin.py:190} INFO - [2026-06-09T17:43:49.790+0000] {dag.py:4138} INFO - Setting next_dagrun for ride_pipeline_monitor to 2026-06-09 16:00:00+00:00, run_after=2026-06-09 17:00:00+00:00
[2026-06-09T17:43:49.816+0000] {processor.py:208} INFO - Processing /opt/airflow/dags/ride_pipeline.py took 0.933 seconds
[2026-06-09T17:44:20.008+0000] {processor.py:186} INFO - Started process (PID=118) to work on /opt/airflow/dags/ride_pipeline.py
[2026-06-09T17:44:20.010+0000] {processor.py:914} INFO - Processing file /opt/airflow/dags/ride_pipeline.py for tasks to queue
[2026-06-09T17:44:20.013+0000] {logging_mixin.py:190} INFO - [2026-06-09T17:44:20.013+0000] {dagbag.py:587} INFO - Filling up the DagBag from /opt/airflow/dags/ride_pipeline.py
[2026-06-09T17:44:20.793+0000] {processor.py:925} INFO - DAG(s) 'ride_pipeline_monitor' retrieved from /opt/airflow/dags/ride_pipeline.py
[2026-06-09T17:44:20.811+0000] {logging_mixin.py:190} INFO - [2026-06-09T17:44:20.810+0000] {dag.py:3211} INFO - Sync 1 DAGs
[2026-06-09T17:44:20.837+0000] {logging_mixin.py:190} INFO - [2026-06-09T17:44:20.837+0000] {dag.py:4138} INFO - Setting next_dagrun for ride_pipeline_monitor to 2026-06-09 16:00:00+00:00, run_after=2026-06-09 17:00:00+00:00
[2026-06-09T17:44:20.861+0000] {processor.py:208} INFO - Processing /opt/airflow/dags/ride_pipeline.py took 0.859 seconds
[2026-06-09T17:44:51.032+0000] {processor.py:186} INFO - Started process (PID=122) to work on /opt/airflow/dags/ride_pipeline.py
[2026-06-09T17:44:51.034+0000] {processor.py:914} INFO - Processing file /opt/airflow/dags/ride_pipeline.py for tasks to queue
[2026-06-09T17:44:51.037+0000] {logging_mixin.py:190} INFO - [2026-06-09T17:44:51.036+0000] {dagbag.py:587} INFO - Filling up the DagBag from /opt/airflow/dags/ride_pipeline.py
[2026-06-09T17:44:51.798+0000] {processor.py:925} INFO - DAG(s) 'ride_pipeline_monitor' retrieved from /opt/airflow/dags/ride_pipeline.py
[2026-06-09T17:44:51.814+0000] {logging_mixin.py:190} INFO - [2026-06-09T17:44:51.814+0000] {dag.py:3211} INFO - Sync 1 DAGs
[2026-06-09T17:44:51.834+0000] {logging_mixin.py:190} INFO - [2026-06-09T17:44:51.834+0000] {dag.py:4138} INFO - Setting next_dagrun for ride_pipeline_monitor to 2026-06-09 16:00:00+00:00, run_after=2026-06-09 17:00:00+00:00
[2026-06-09T17:44:51.856+0000] {processor.py:208} INFO - Processing /opt/airflow/dags/ride_pipeline.py took 0.831 seconds
[2026-06-09T17:45:22.083+0000] {processor.py:186} INFO - Started process (PID=126) to work on /opt/airflow/dags/ride_pipeline.py
[2026-06-09T17:45:22.084+0000] {processor.py:914} INFO - Processing file /opt/airflow/dags/ride_pipeline.py for tasks to queue
[2026-06-09T17:45:22.088+0000] {logging_mixin.py:190} INFO - [2026-06-09T17:45:22.088+0000] {dagbag.py:587} INFO - Filling up the DagBag from /opt/airflow/dags/ride_pipeline.py
[2026-06-09T17:45:23.054+0000] {processor.py:925} INFO - DAG(s) 'ride_pipeline_monitor' retrieved from /opt/airflow/dags/ride_pipeline.py
[2026-06-09T17:45:23.079+0000] {logging_mixin.py:190} INFO - [2026-06-09T17:45:23.079+0000] {dag.py:3211} INFO - Sync 1 DAGs
[2026-06-09T17:45:23.110+0000] {logging_mixin.py:190} INFO - [2026-06-09T17:45:23.109+0000] {dag.py:4138} INFO - Setting next_dagrun for ride_pipeline_monitor to 2026-06-09 16:00:00+00:00, run_after=2026-06-09 17:00:00+00:00
[2026-06-09T17:45:23.134+0000] {processor.py:208} INFO - Processing /opt/airflow/dags/ride_pipeline.py took 1.060 seconds
[2026-06-09T17:45:53.331+0000] {processor.py:186} INFO - Started process (PID=130) to work on /opt/airflow/dags/ride_pipeline.py
[2026-06-09T17:45:53.332+0000] {processor.py:914} INFO - Processing file /opt/airflow/dags/ride_pipeline.py for tasks to queue
[2026-06-09T17:45:53.335+0000] {logging_mixin.py:190} INFO - [2026-06-09T17:45:53.334+0000] {dagbag.py:587} INFO - Filling up the DagBag from /opt/airflow/dags/ride_pipeline.py
[2026-06-09T17:45:54.250+0000] {processor.py:925} INFO - DAG(s) 'ride_pipeline_monitor' retrieved from /opt/airflow/dags/ride_pipeline.py
[2026-06-09T17:45:54.283+0000] {logging_mixin.py:190} INFO - [2026-06-09T17:45:54.282+0000] {dag.py:3211} INFO - Sync 1 DAGs
[2026-06-09T17:45:54.336+0000] {logging_mixin.py:190} INFO - [2026-06-09T17:45:54.336+0000] {dag.py:4138} INFO - Setting next_dagrun for ride_pipeline_monitor to 2026-06-09 16:00:00+00:00, run_after=2026-06-09 17:00:00+00:00
[2026-06-09T17:45:54.395+0000] {processor.py:208} INFO - Processing /opt/airflow/dags/ride_pipeline.py took 1.070 seconds
[2026-06-09T17:46:24.591+0000] {processor.py:186} INFO - Started process (PID=134) to work on /opt/airflow/dags/ride_pipeline.py
[2026-06-09T17:46:24.592+0000] {processor.py:914} INFO - Processing file /opt/airflow/dags/ride_pipeline.py for tasks to queue
[2026-06-09T17:46:24.595+0000] {logging_mixin.py:190} INFO - [2026-06-09T17:46:24.594+0000] {dagbag.py:587} INFO - Filling up the DagBag from /opt/airflow/dags/ride_pipeline.py
[2026-06-09T17:46:25.346+0000] {processor.py:925} INFO - DAG(s) 'ride_pipeline_monitor' retrieved from /opt/airflow/dags/ride_pipeline.py
[2026-06-09T17:46:25.363+0000] {logging_mixin.py:190} INFO - [2026-06-09T17:46:25.362+0000] {dag.py:3211} INFO - Sync 1 DAGs
[2026-06-09T17:46:25.383+0000] {logging_mixin.py:190} INFO - [2026-06-09T17:46:25.383+0000] {dag.py:4138} INFO - Setting next_dagrun for ride_pipeline_monitor to 2026-06-09 16:00:00+00:00, run_after=2026-06-09 17:00:00+00:00
[2026-06-09T17:46:25.406+0000] {processor.py:208} INFO - Processing /opt/airflow/dags/ride_pipeline.py took 0.821 seconds
[2026-06-09T17:46:55.636+0000] {processor.py:186} INFO - Started process (PID=138) to work on /opt/airflow/dags/ride_pipeline.py
[2026-06-09T17:46:55.637+0000] {processor.py:914} INFO - Processing file /opt/airflow/dags/ride_pipeline.py for tasks to queue
[2026-06-09T17:46:55.640+0000] {logging_mixin.py:190} INFO - [2026-06-09T17:46:55.639+0000] {dagbag.py:587} INFO - Filling up the DagBag from /opt/airflow/dags/ride_pipeline.py
[2026-06-09T17:46:56.496+0000] {processor.py:925} INFO - DAG(s) 'ride_pipeline_monitor' retrieved from /opt/airflow/dags/ride_pipeline.py
[2026-06-09T17:46:56.512+0000] {logging_mixin.py:190} INFO - [2026-06-09T17:46:56.512+0000] {dag.py:3211} INFO - Sync 1 DAGs
[2026-06-09T17:46:56.534+0000] {logging_mixin.py:190} INFO - [2026-06-09T17:46:56.534+0000] {dag.py:4138} INFO - Setting next_dagrun for ride_pipeline_monitor to 2026-06-09 16:00:00+00:00, run_after=2026-06-09 17:00:00+00:00
[2026-06-09T17:46:56.560+0000] {processor.py:208} INFO - Processing /opt/airflow/dags/ride_pipeline.py took 0.930 seconds
[2026-06-09T17:47:26.751+0000] {processor.py:186} INFO - Started process (PID=142) to work on /opt/airflow/dags/ride_pipeline.py
[2026-06-09T17:47:26.752+0000] {processor.py:914} INFO - Processing file /opt/airflow/dags/ride_pipeline.py for tasks to queue
[2026-06-09T17:47:26.755+0000] {logging_mixin.py:190} INFO - [2026-06-09T17:47:26.755+0000] {dagbag.py:587} INFO - Filling up the DagBag from /opt/airflow/dags/ride_pipeline.py
[2026-06-09T17:47:27.575+0000] {processor.py:925} INFO - DAG(s) 'ride_pipeline_monitor' retrieved from /opt/airflow/dags/ride_pipeline.py
[2026-06-09T17:47:27.591+0000] {logging_mixin.py:190} INFO - [2026-06-09T17:47:27.591+0000] {dag.py:3211} INFO - Sync 1 DAGs
[2026-06-09T17:47:27.611+0000] {logging_mixin.py:190} INFO - [2026-06-09T17:47:27.611+0000] {dag.py:4138} INFO - Setting next_dagrun for ride_pipeline_monitor to 2026-06-09 16:00:00+00:00, run_after=2026-06-09 17:00:00+00:00
[2026-06-09T17:47:27.635+0000] {processor.py:208} INFO - Processing /opt/airflow/dags/ride_pipeline.py took 0.891 seconds
[2026-06-09T17:47:57.882+0000] {processor.py:186} INFO - Started process (PID=146) to work on /opt/airflow/dags/ride_pipeline.py
[2026-06-09T17:47:57.883+0000] {processor.py:914} INFO - Processing file /opt/airflow/dags/ride_pipeline.py for tasks to queue
[2026-06-09T17:47:57.887+0000] {logging_mixin.py:190} INFO - [2026-06-09T17:47:57.886+0000] {dagbag.py:587} INFO - Filling up the DagBag from /opt/airflow/dags/ride_pipeline.py
[2026-06-09T17:47:58.717+0000] {processor.py:925} INFO - DAG(s) 'ride_pipeline_monitor' retrieved from /opt/airflow/dags/ride_pipeline.py
[2026-06-09T17:47:58.732+0000] {logging_mixin.py:190} INFO - [2026-06-09T17:47:58.731+0000] {dag.py:3211} INFO - Sync 1 DAGs
[2026-06-09T17:47:58.751+0000] {logging_mixin.py:190} INFO - [2026-06-09T17:47:58.751+0000] {dag.py:4138} INFO - Setting next_dagrun for ride_pipeline_monitor to 2026-06-09 16:00:00+00:00, run_after=2026-06-09 17:00:00+00:00
[2026-06-09T17:47:58.773+0000] {processor.py:208} INFO - Processing /opt/airflow/dags/ride_pipeline.py took 0.899 seconds
[2026-06-09T17:48:29.026+0000] {processor.py:186} INFO - Started process (PID=150) to work on /opt/airflow/dags/ride_pipeline.py
[2026-06-09T17:48:29.028+0000] {processor.py:914} INFO - Processing file /opt/airflow/dags/ride_pipeline.py for tasks to queue
[2026-06-09T17:48:29.031+0000] {logging_mixin.py:190} INFO - [2026-06-09T17:48:29.030+0000] {dagbag.py:587} INFO - Filling up the DagBag from /opt/airflow/dags/ride_pipeline.py
[2026-06-09T17:48:29.776+0000] {processor.py:925} INFO - DAG(s) 'ride_pipeline_monitor' retrieved from /opt/airflow/dags/ride_pipeline.py
[2026-06-09T17:48:29.792+0000] {logging_mixin.py:190} INFO - [2026-06-09T17:48:29.792+0000] {dag.py:3211} INFO - Sync 1 DAGs
[2026-06-09T17:48:29.812+0000] {logging_mixin.py:190} INFO - [2026-06-09T17:48:29.811+0000] {dag.py:4138} INFO - Setting next_dagrun for ride_pipeline_monitor to 2026-06-09 16:00:00+00:00, run_after=2026-06-09 17:00:00+00:00
[2026-06-09T17:48:29.841+0000] {processor.py:208} INFO - Processing /opt/airflow/dags/ride_pipeline.py took 0.823 seconds
[2026-06-09T17:49:00.045+0000] {processor.py:186} INFO - Started process (PID=154) to work on /opt/airflow/dags/ride_pipeline.py
[2026-06-09T17:49:00.046+0000] {processor.py:914} INFO - Processing file /opt/airflow/dags/ride_pipeline.py for tasks to queue
[2026-06-09T17:49:00.048+0000] {logging_mixin.py:190} INFO - [2026-06-09T17:49:00.048+0000] {dagbag.py:587} INFO - Filling up the DagBag from /opt/airflow/dags/ride_pipeline.py
[2026-06-09T17:49:00.790+0000] {processor.py:925} INFO - DAG(s) 'ride_pipeline_monitor' retrieved from /opt/airflow/dags/ride_pipeline.py
[2026-06-09T17:49:00.807+0000] {logging_mixin.py:190} INFO - [2026-06-09T17:49:00.806+0000] {dag.py:3211} INFO - Sync 1 DAGs
[2026-06-09T17:49:00.827+0000] {logging_mixin.py:190} INFO - [2026-06-09T17:49:00.827+0000] {dag.py:4138} INFO - Setting next_dagrun for ride_pipeline_monitor to 2026-06-09 16:00:00+00:00, run_after=2026-06-09 17:00:00+00:00
[2026-06-09T17:49:00.851+0000] {processor.py:208} INFO - Processing /opt/airflow/dags/ride_pipeline.py took 0.812 seconds
[2026-06-09T17:49:31.081+0000] {processor.py:186} INFO - Started process (PID=158) to work on /opt/airflow/dags/ride_pipeline.py
[2026-06-09T17:49:31.082+0000] {processor.py:914} INFO - Processing file /opt/airflow/dags/ride_pipeline.py for tasks to queue
[2026-06-09T17:49:31.086+0000] {logging_mixin.py:190} INFO - [2026-06-09T17:49:31.085+0000] {dagbag.py:587} INFO - Filling up the DagBag from /opt/airflow/dags/ride_pipeline.py
[2026-06-09T17:49:31.798+0000] {processor.py:925} INFO - DAG(s) 'ride_pipeline_monitor' retrieved from /opt/airflow/dags/ride_pipeline.py
[2026-06-09T17:49:31.815+0000] {logging_mixin.py:190} INFO - [2026-06-09T17:49:31.815+0000] {dag.py:3211} INFO - Sync 1 DAGs
[2026-06-09T17:49:31.837+0000] {logging_mixin.py:190} INFO - [2026-06-09T17:49:31.836+0000] {dag.py:4138} INFO - Setting next_dagrun for ride_pipeline_monitor to 2026-06-09 16:00:00+00:00, run_after=2026-06-09 17:00:00+00:00
[2026-06-09T17:49:31.861+0000] {processor.py:208} INFO - Processing /opt/airflow/dags/ride_pipeline.py took 0.786 seconds
[2026-06-09T17:50:02.023+0000] {processor.py:186} INFO - Started process (PID=162) to work on /opt/airflow/dags/ride_pipeline.py
[2026-06-09T17:50:02.024+0000] {processor.py:914} INFO - Processing file /opt/airflow/dags/ride_pipeline.py for tasks to queue
[2026-06-09T17:50:02.027+0000] {logging_mixin.py:190} INFO - [2026-06-09T17:50:02.027+0000] {dagbag.py:587} INFO - Filling up the DagBag from /opt/airflow/dags/ride_pipeline.py
[2026-06-09T17:50:02.789+0000] {processor.py:925} INFO - DAG(s) 'ride_pipeline_monitor' retrieved from /opt/airflow/dags/ride_pipeline.py
[2026-06-09T17:50:02.813+0000] {logging_mixin.py:190} INFO - [2026-06-09T17:50:02.813+0000] {dag.py:3211} INFO - Sync 1 DAGs
[2026-06-09T17:50:02.857+0000] {logging_mixin.py:190} INFO - [2026-06-09T17:50:02.857+0000] {dag.py:4138} INFO - Setting next_dagrun for ride_pipeline_monitor to 2026-06-09 16:00:00+00:00, run_after=2026-06-09 17:00:00+00:00
[2026-06-09T17:50:02.880+0000] {processor.py:208} INFO - Processing /opt/airflow/dags/ride_pipeline.py took 0.863 seconds
[2026-06-09T17:50:33.057+0000] {processor.py:186} INFO - Started process (PID=166) to work on /opt/airflow/dags/ride_pipeline.py
[2026-06-09T17:50:33.058+0000] {processor.py:914} INFO - Processing file /opt/airflow/dags/ride_pipeline.py for tasks to queue
[2026-06-09T17:50:33.061+0000] {logging_mixin.py:190} INFO - [2026-06-09T17:50:33.061+0000] {dagbag.py:587} INFO - Filling up the DagBag from /opt/airflow/dags/ride_pipeline.py
[2026-06-09T17:50:33.861+0000] {processor.py:925} INFO - DAG(s) 'ride_pipeline_monitor' retrieved from /opt/airflow/dags/ride_pipeline.py
[2026-06-09T17:50:33.882+0000] {logging_mixin.py:190} INFO - [2026-06-09T17:50:33.881+0000] {dag.py:3211} INFO - Sync 1 DAGs
[2026-06-09T17:50:33.909+0000] {logging_mixin.py:190} INFO - [2026-06-09T17:50:33.909+0000] {dag.py:4138} INFO - Setting next_dagrun for ride_pipeline_monitor to 2026-06-09 16:00:00+00:00, run_after=2026-06-09 17:00:00+00:00
[2026-06-09T17:50:33.934+0000] {processor.py:208} INFO - Processing /opt/airflow/dags/ride_pipeline.py took 0.884 seconds
[2026-06-09T17:51:04.085+0000] {processor.py:186} INFO - Started process (PID=170) to work on /opt/airflow/dags/ride_pipeline.py
[2026-06-09T17:51:04.086+0000] {processor.py:914} INFO - Processing file /opt/airflow/dags/ride_pipeline.py for tasks to queue
[2026-06-09T17:51:04.089+0000] {logging_mixin.py:190} INFO - [2026-06-09T17:51:04.088+0000] {dagbag.py:587} INFO - Filling up the DagBag from /opt/airflow/dags/ride_pipeline.py
[2026-06-09T17:51:05.015+0000] {processor.py:925} INFO - DAG(s) 'ride_pipeline_monitor' retrieved from /opt/airflow/dags/ride_pipeline.py
[2026-06-09T17:51:05.032+0000] {logging_mixin.py:190} INFO - [2026-06-09T17:51:05.031+0000] {dag.py:3211} INFO - Sync 1 DAGs
[2026-06-09T17:51:05.052+0000] {logging_mixin.py:190} INFO - [2026-06-09T17:51:05.052+0000] {dag.py:4138} INFO - Setting next_dagrun for ride_pipeline_monitor to 2026-06-09 16:00:00+00:00, run_after=2026-06-09 17:00:00+00:00
[2026-06-09T17:51:05.076+0000] {processor.py:208} INFO - Processing /opt/airflow/dags/ride_pipeline.py took 0.963 seconds
[2026-06-09T17:51:35.292+0000] {processor.py:186} INFO - Started process (PID=174) to work on /opt/airflow/dags/ride_pipeline.py
[2026-06-09T17:51:35.295+0000] {processor.py:914} INFO - Processing file /opt/airflow/dags/ride_pipeline.py for tasks to queue
[2026-06-09T17:51:35.301+0000] {logging_mixin.py:190} INFO - [2026-06-09T17:51:35.300+0000] {dagbag.py:587} INFO - Filling up the DagBag from /opt/airflow/dags/ride_pipeline.py
[2026-06-09T17:51:36.175+0000] {processor.py:925} INFO - DAG(s) 'ride_pipeline_monitor' retrieved from /opt/airflow/dags/ride_pipeline.py
[2026-06-09T17:51:36.196+0000] {logging_mixin.py:190} INFO - [2026-06-09T17:51:36.195+0000] {dag.py:3211} INFO - Sync 1 DAGs
[2026-06-09T17:51:36.230+0000] {logging_mixin.py:190} INFO - [2026-06-09T17:51:36.230+0000] {dag.py:4138} INFO - Setting next_dagrun for ride_pipeline_monitor to 2026-06-09 16:00:00+00:00, run_after=2026-06-09 17:00:00+00:00
[2026-06-09T17:51:36.262+0000] {processor.py:208} INFO - Processing /opt/airflow/dags/ride_pipeline.py took 0.979 seconds
[2026-06-09T17:52:06.433+0000] {processor.py:186} INFO - Started process (PID=178) to work on /opt/airflow/dags/ride_pipeline.py
[2026-06-09T17:52:06.434+0000] {processor.py:914} INFO - Processing file /opt/airflow/dags/ride_pipeline.py for tasks to queue
[2026-06-09T17:52:06.438+0000] {logging_mixin.py:190} INFO - [2026-06-09T17:52:06.437+0000] {dagbag.py:587} INFO - Filling up the DagBag from /opt/airflow/dags/ride_pipeline.py
[2026-06-09T17:52:07.264+0000] {processor.py:925} INFO - DAG(s) 'ride_pipeline_monitor' retrieved from /opt/airflow/dags/ride_pipeline.py
[2026-06-09T17:52:07.280+0000] {logging_mixin.py:190} INFO - [2026-06-09T17:52:07.280+0000] {dag.py:3211} INFO - Sync 1 DAGs
[2026-06-09T17:52:07.301+0000] {logging_mixin.py:190} INFO - [2026-06-09T17:52:07.301+0000] {dag.py:4138} INFO - Setting next_dagrun for ride_pipeline_monitor to 2026-06-09 16:00:00+00:00, run_after=2026-06-09 17:00:00+00:00
[2026-06-09T17:52:07.324+0000] {processor.py:208} INFO - Processing /opt/airflow/dags/ride_pipeline.py took 0.898 seconds
[2026-06-09T17:52:37.559+0000] {processor.py:186} INFO - Started process (PID=182) to work on /opt/airflow/dags/ride_pipeline.py
[2026-06-09T17:52:37.561+0000] {processor.py:914} INFO - Processing file /opt/airflow/dags/ride_pipeline.py for tasks to queue
[2026-06-09T17:52:37.566+0000] {logging_mixin.py:190} INFO - [2026-06-09T17:52:37.565+0000] {dagbag.py:587} INFO - Filling up the DagBag from /opt/airflow/dags/ride_pipeline.py
[2026-06-09T17:52:38.487+0000] {processor.py:925} INFO - DAG(s) 'ride_pipeline_monitor' retrieved from /opt/airflow/dags/ride_pipeline.py
[2026-06-09T17:52:38.504+0000] {logging_mixin.py:190} INFO - [2026-06-09T17:52:38.504+0000] {dag.py:3211} INFO - Sync 1 DAGs
[2026-06-09T17:52:38.527+0000] {logging_mixin.py:190} INFO - [2026-06-09T17:52:38.527+0000] {dag.py:4138} INFO - Setting next_dagrun for ride_pipeline_monitor to 2026-06-09 16:00:00+00:00, run_after=2026-06-09 17:00:00+00:00
[2026-06-09T17:52:38.553+0000] {processor.py:208} INFO - Processing /opt/airflow/dags/ride_pipeline.py took 1.002 seconds
[2026-06-09T17:53:08.816+0000] {processor.py:186} INFO - Started process (PID=186) to work on /opt/airflow/dags/ride_pipeline.py
[2026-06-09T17:53:08.817+0000] {processor.py:914} INFO - Processing file /opt/airflow/dags/ride_pipeline.py for tasks to queue
[2026-06-09T17:53:08.820+0000] {logging_mixin.py:190} INFO - [2026-06-09T17:53:08.820+0000] {dagbag.py:587} INFO - Filling up the DagBag from /opt/airflow/dags/ride_pipeline.py
[2026-06-09T17:53:09.656+0000] {processor.py:925} INFO - DAG(s) 'ride_pipeline_monitor' retrieved from /opt/airflow/dags/ride_pipeline.py
[2026-06-09T17:53:09.672+0000] {logging_mixin.py:190} INFO - [2026-06-09T17:53:09.672+0000] {dag.py:3211} INFO - Sync 1 DAGs
[2026-06-09T17:53:09.691+0000] {logging_mixin.py:190} INFO - [2026-06-09T17:53:09.691+0000] {dag.py:4138} INFO - Setting next_dagrun for ride_pipeline_monitor to 2026-06-09 16:00:00+00:00, run_after=2026-06-09 17:00:00+00:00
[2026-06-09T17:53:09.714+0000] {processor.py:208} INFO - Processing /opt/airflow/dags/ride_pipeline.py took 0.904 seconds
[2026-06-09T17:53:39.958+0000] {processor.py:186} INFO - Started process (PID=190) to work on /opt/airflow/dags/ride_pipeline.py
[2026-06-09T17:53:39.960+0000] {processor.py:914} INFO - Processing file /opt/airflow/dags/ride_pipeline.py for tasks to queue
[2026-06-09T17:53:39.964+0000] {logging_mixin.py:190} INFO - [2026-06-09T17:53:39.963+0000] {dagbag.py:587} INFO - Filling up the DagBag from /opt/airflow/dags/ride_pipeline.py
[2026-06-09T17:53:40.759+0000] {processor.py:925} INFO - DAG(s) 'ride_pipeline_monitor' retrieved from /opt/airflow/dags/ride_pipeline.py
[2026-06-09T17:53:40.775+0000] {logging_mixin.py:190} INFO - [2026-06-09T17:53:40.774+0000] {dag.py:3211} INFO - Sync 1 DAGs
[2026-06-09T17:53:40.795+0000] {logging_mixin.py:190} INFO - [2026-06-09T17:53:40.795+0000] {dag.py:4138} INFO - Setting next_dagrun for ride_pipeline_monitor to 2026-06-09 16:00:00+00:00, run_after=2026-06-09 17:00:00+00:00
[2026-06-09T17:53:40.818+0000] {processor.py:208} INFO - Processing /opt/airflow/dags/ride_pipeline.py took 0.870 seconds
[2026-06-09T17:54:10.971+0000] {processor.py:186} INFO - Started process (PID=194) to work on /opt/airflow/dags/ride_pipeline.py
[2026-06-09T17:54:10.973+0000] {processor.py:914} INFO - Processing file /opt/airflow/dags/ride_pipeline.py for tasks to queue
[2026-06-09T17:54:10.976+0000] {logging_mixin.py:190} INFO - [2026-06-09T17:54:10.976+0000] {dagbag.py:587} INFO - Filling up the DagBag from /opt/airflow/dags/ride_pipeline.py
[2026-06-09T17:54:11.759+0000] {processor.py:925} INFO - DAG(s) 'ride_pipeline_monitor' retrieved from /opt/airflow/dags/ride_pipeline.py
[2026-06-09T17:54:11.776+0000] {logging_mixin.py:190} INFO - [2026-06-09T17:54:11.775+0000] {dag.py:3211} INFO - Sync 1 DAGs
[2026-06-09T17:54:11.802+0000] {logging_mixin.py:190} INFO - [2026-06-09T17:54:11.802+0000] {dag.py:4138} INFO - Setting next_dagrun for ride_pipeline_monitor to 2026-06-09 16:00:00+00:00, run_after=2026-06-09 17:00:00+00:00
[2026-06-09T17:54:11.827+0000] {processor.py:208} INFO - Processing /opt/airflow/dags/ride_pipeline.py took 0.863 seconds
[2026-06-09T17:54:42.038+0000] {processor.py:186} INFO - Started process (PID=198) to work on /opt/airflow/dags/ride_pipeline.py
[2026-06-09T17:54:42.040+0000] {processor.py:914} INFO - Processing file /opt/airflow/dags/ride_pipeline.py for tasks to queue
[2026-06-09T17:54:42.046+0000] {logging_mixin.py:190} INFO - [2026-06-09T17:54:42.045+0000] {dagbag.py:587} INFO - Filling up the DagBag from /opt/airflow/dags/ride_pipeline.py
[2026-06-09T17:54:43.137+0000] {processor.py:925} INFO - DAG(s) 'ride_pipeline_monitor' retrieved from /opt/airflow/dags/ride_pipeline.py
[2026-06-09T17:54:43.154+0000] {logging_mixin.py:190} INFO - [2026-06-09T17:54:43.153+0000] {dag.py:3211} INFO - Sync 1 DAGs
[2026-06-09T17:54:43.175+0000] {logging_mixin.py:190} INFO - [2026-06-09T17:54:43.174+0000] {dag.py:4138} INFO - Setting next_dagrun for ride_pipeline_monitor to 2026-06-09 16:00:00+00:00, run_after=2026-06-09 17:00:00+00:00
[2026-06-09T17:54:43.200+0000] {processor.py:208} INFO - Processing /opt/airflow/dags/ride_pipeline.py took 1.168 seconds
[2026-06-09T17:55:13.373+0000] {processor.py:186} INFO - Started process (PID=202) to work on /opt/airflow/dags/ride_pipeline.py
[2026-06-09T17:55:13.374+0000] {processor.py:914} INFO - Processing file /opt/airflow/dags/ride_pipeline.py for tasks to queue
[2026-06-09T17:55:13.377+0000] {logging_mixin.py:190} INFO - [2026-06-09T17:55:13.377+0000] {dagbag.py:587} INFO - Filling up the DagBag from /opt/airflow/dags/ride_pipeline.py
[2026-06-09T17:55:14.245+0000] {processor.py:925} INFO - DAG(s) 'ride_pipeline_monitor' retrieved from /opt/airflow/dags/ride_pipeline.py
[2026-06-09T17:55:14.265+0000] {logging_mixin.py:190} INFO - [2026-06-09T17:55:14.265+0000] {dag.py:3211} INFO - Sync 1 DAGs
[2026-06-09T17:55:14.286+0000] {logging_mixin.py:190} INFO - [2026-06-09T17:55:14.286+0000] {dag.py:4138} INFO - Setting next_dagrun for ride_pipeline_monitor to 2026-06-09 16:00:00+00:00, run_after=2026-06-09 17:00:00+00:00
[2026-06-09T17:55:14.310+0000] {processor.py:208} INFO - Processing /opt/airflow/dags/ride_pipeline.py took 0.944 seconds
[2026-06-09T17:55:44.518+0000] {processor.py:186} INFO - Started process (PID=206) to work on /opt/airflow/dags/ride_pipeline.py
[2026-06-09T17:55:44.519+0000] {processor.py:914} INFO - Processing file /opt/airflow/dags/ride_pipeline.py for tasks to queue
[2026-06-09T17:55:44.523+0000] {logging_mixin.py:190} INFO - [2026-06-09T17:55:44.522+0000] {dagbag.py:587} INFO - Filling up the DagBag from /opt/airflow/dags/ride_pipeline.py
[2026-06-09T17:55:45.360+0000] {processor.py:925} INFO - DAG(s) 'ride_pipeline_monitor' retrieved from /opt/airflow/dags/ride_pipeline.py
[2026-06-09T17:55:45.379+0000] {logging_mixin.py:190} INFO - [2026-06-09T17:55:45.378+0000] {dag.py:3211} INFO - Sync 1 DAGs
[2026-06-09T17:55:45.398+0000] {logging_mixin.py:190} INFO - [2026-06-09T17:55:45.397+0000] {dag.py:4138} INFO - Setting next_dagrun for ride_pipeline_monitor to 2026-06-09 16:00:00+00:00, run_after=2026-06-09 17:00:00+00:00
[2026-06-09T17:55:45.423+0000] {processor.py:208} INFO - Processing /opt/airflow/dags/ride_pipeline.py took 0.913 seconds
[2026-06-09T17:56:15.659+0000] {processor.py:186} INFO - Started process (PID=210) to work on /opt/airflow/dags/ride_pipeline.py
[2026-06-09T17:56:15.660+0000] {processor.py:914} INFO - Processing file /opt/airflow/dags/ride_pipeline.py for tasks to queue
[2026-06-09T17:56:15.664+0000] {logging_mixin.py:190} INFO - [2026-06-09T17:56:15.663+0000] {dagbag.py:587} INFO - Filling up the DagBag from /opt/airflow/dags/ride_pipeline.py
[2026-06-09T17:56:16.589+0000] {processor.py:925} INFO - DAG(s) 'ride_pipeline_monitor' retrieved from /opt/airflow/dags/ride_pipeline.py
[2026-06-09T17:56:16.611+0000] {logging_mixin.py:190} INFO - [2026-06-09T17:56:16.610+0000] {dag.py:3211} INFO - Sync 1 DAGs
[2026-06-09T17:56:16.636+0000] {logging_mixin.py:190} INFO - [2026-06-09T17:56:16.636+0000] {dag.py:4138} INFO - Setting next_dagrun for ride_pipeline_monitor to 2026-06-09 16:00:00+00:00, run_after=2026-06-09 17:00:00+00:00
[2026-06-09T17:56:16.661+0000] {processor.py:208} INFO - Processing /opt/airflow/dags/ride_pipeline.py took 1.010 seconds
[2026-06-09T17:56:46.907+0000] {processor.py:186} INFO - Started process (PID=214) to work on /opt/airflow/dags/ride_pipeline.py
[2026-06-09T17:56:46.908+0000] {processor.py:914} INFO - Processing file /opt/airflow/dags/ride_pipeline.py for tasks to queue
[2026-06-09T17:56:46.911+0000] {logging_mixin.py:190} INFO - [2026-06-09T17:56:46.910+0000] {dagbag.py:587} INFO - Filling up the DagBag from /opt/airflow/dags/ride_pipeline.py
[2026-06-09T17:56:47.718+0000] {processor.py:925} INFO - DAG(s) 'ride_pipeline_monitor' retrieved from /opt/airflow/dags/ride_pipeline.py
[2026-06-09T17:56:47.737+0000] {logging_mixin.py:190} INFO - [2026-06-09T17:56:47.737+0000] {dag.py:3211} INFO - Sync 1 DAGs
[2026-06-09T17:56:47.758+0000] {logging_mixin.py:190} INFO - [2026-06-09T17:56:47.758+0000] {dag.py:4138} INFO - Setting next_dagrun for ride_pipeline_monitor to 2026-06-09 16:00:00+00:00, run_after=2026-06-09 17:00:00+00:00
[2026-06-09T17:56:47.788+0000] {processor.py:208} INFO - Processing /opt/airflow/dags/ride_pipeline.py took 0.889 seconds
[2026-06-09T17:57:17.994+0000] {processor.py:186} INFO - Started process (PID=218) to work on /opt/airflow/dags/ride_pipeline.py
[2026-06-09T17:57:17.996+0000] {processor.py:914} INFO - Processing file /opt/airflow/dags/ride_pipeline.py for tasks to queue
[2026-06-09T17:57:18.000+0000] {logging_mixin.py:190} INFO - [2026-06-09T17:57:17.999+0000] {dagbag.py:587} INFO - Filling up the DagBag from /opt/airflow/dags/ride_pipeline.py
[2026-06-09T17:57:18.993+0000] {processor.py:925} INFO - DAG(s) 'ride_pipeline_monitor' retrieved from /opt/airflow/dags/ride_pipeline.py
[2026-06-09T17:57:19.010+0000] {logging_mixin.py:190} INFO - [2026-06-09T17:57:19.010+0000] {dag.py:3211} INFO - Sync 1 DAGs
[2026-06-09T17:57:19.032+0000] {logging_mixin.py:190} INFO - [2026-06-09T17:57:19.032+0000] {dag.py:4138} INFO - Setting next_dagrun for ride_pipeline_monitor to 2026-06-09 16:00:00+00:00, run_after=2026-06-09 17:00:00+00:00
[2026-06-09T17:57:19.057+0000] {processor.py:208} INFO - Processing /opt/airflow/dags/ride_pipeline.py took 1.071 seconds
[2026-06-09T17:57:49.214+0000] {processor.py:186} INFO - Started process (PID=222) to work on /opt/airflow/dags/ride_pipeline.py
[2026-06-09T17:57:49.215+0000] {processor.py:914} INFO - Processing file /opt/airflow/dags/ride_pipeline.py for tasks to queue
[2026-06-09T17:57:49.219+0000] {logging_mixin.py:190} INFO - [2026-06-09T17:57:49.218+0000] {dagbag.py:587} INFO - Filling up the DagBag from /opt/airflow/dags/ride_pipeline.py
[2026-06-09T17:57:49.960+0000] {processor.py:925} INFO - DAG(s) 'ride_pipeline_monitor' retrieved from /opt/airflow/dags/ride_pipeline.py
[2026-06-09T17:57:49.982+0000] {logging_mixin.py:190} INFO - [2026-06-09T17:57:49.981+0000] {dag.py:3211} INFO - Sync 1 DAGs
[2026-06-09T17:57:50.009+0000] {logging_mixin.py:190} INFO - [2026-06-09T17:57:50.009+0000] {dag.py:4138} INFO - Setting next_dagrun for ride_pipeline_monitor to 2026-06-09 16:00:00+00:00, run_after=2026-06-09 17:00:00+00:00
[2026-06-09T17:57:50.043+0000] {processor.py:208} INFO - Processing /opt/airflow/dags/ride_pipeline.py took 0.836 seconds
[2026-06-09T17:58:20.268+0000] {processor.py:186} INFO - Started process (PID=226) to work on /opt/airflow/dags/ride_pipeline.py
[2026-06-09T17:58:20.269+0000] {processor.py:914} INFO - Processing file /opt/airflow/dags/ride_pipeline.py for tasks to queue
[2026-06-09T17:58:20.274+0000] {logging_mixin.py:190} INFO - [2026-06-09T17:58:20.273+0000] {dagbag.py:587} INFO - Filling up the DagBag from /opt/airflow/dags/ride_pipeline.py
[2026-06-09T17:58:21.026+0000] {processor.py:925} INFO - DAG(s) 'ride_pipeline_monitor' retrieved from /opt/airflow/dags/ride_pipeline.py
[2026-06-09T17:58:21.042+0000] {logging_mixin.py:190} INFO - [2026-06-09T17:58:21.041+0000] {dag.py:3211} INFO - Sync 1 DAGs
[2026-06-09T17:58:21.062+0000] {logging_mixin.py:190} INFO - [2026-06-09T17:58:21.062+0000] {dag.py:4138} INFO - Setting next_dagrun for ride_pipeline_monitor to 2026-06-09 16:00:00+00:00, run_after=2026-06-09 17:00:00+00:00
[2026-06-09T17:58:21.084+0000] {processor.py:208} INFO - Processing /opt/airflow/dags/ride_pipeline.py took 0.824 seconds
[2026-06-09T17:58:51.309+0000] {processor.py:186} INFO - Started process (PID=230) to work on /opt/airflow/dags/ride_pipeline.py
[2026-06-09T17:58:51.310+0000] {processor.py:914} INFO - Processing file /opt/airflow/dags/ride_pipeline.py for tasks to queue
[2026-06-09T17:58:51.314+0000] {logging_mixin.py:190} INFO - [2026-06-09T17:58:51.313+0000] {dagbag.py:587} INFO - Filling up the DagBag from /opt/airflow/dags/ride_pipeline.py
[2026-06-09T17:58:51.989+0000] {processor.py:925} INFO - DAG(s) 'ride_pipeline_monitor' retrieved from /opt/airflow/dags/ride_pipeline.py
[2026-06-09T17:58:52.007+0000] {logging_mixin.py:190} INFO - [2026-06-09T17:58:52.006+0000] {dag.py:3211} INFO - Sync 1 DAGs
[2026-06-09T17:58:52.029+0000] {logging_mixin.py:190} INFO - [2026-06-09T17:58:52.029+0000] {dag.py:4138} INFO - Setting next_dagrun for ride_pipeline_monitor to 2026-06-09 16:00:00+00:00, run_after=2026-06-09 17:00:00+00:00
[2026-06-09T17:58:52.049+0000] {processor.py:208} INFO - Processing /opt/airflow/dags/ride_pipeline.py took 0.745 seconds
[2026-06-09T17:59:22.234+0000] {processor.py:186} INFO - Started process (PID=234) to work on /opt/airflow/dags/ride_pipeline.py
[2026-06-09T17:59:22.235+0000] {processor.py:914} INFO - Processing file /opt/airflow/dags/ride_pipeline.py for tasks to queue
[2026-06-09T17:59:22.238+0000] {logging_mixin.py:190} INFO - [2026-06-09T17:59:22.237+0000] {dagbag.py:587} INFO - Filling up the DagBag from /opt/airflow/dags/ride_pipeline.py
[2026-06-09T17:59:22.957+0000] {processor.py:925} INFO - DAG(s) 'ride_pipeline_monitor' retrieved from /opt/airflow/dags/ride_pipeline.py
[2026-06-09T17:59:22.974+0000] {logging_mixin.py:190} INFO - [2026-06-09T17:59:22.974+0000] {dag.py:3211} INFO - Sync 1 DAGs
[2026-06-09T17:59:22.996+0000] {logging_mixin.py:190} INFO - [2026-06-09T17:59:22.996+0000] {dag.py:4138} INFO - Setting next_dagrun for ride_pipeline_monitor to 2026-06-09 16:00:00+00:00, run_after=2026-06-09 17:00:00+00:00
[2026-06-09T17:59:23.018+0000] {processor.py:208} INFO - Processing /opt/airflow/dags/ride_pipeline.py took 0.790 seconds
[2026-06-09T17:59:53.192+0000] {processor.py:186} INFO - Started process (PID=238) to work on /opt/airflow/dags/ride_pipeline.py
[2026-06-09T17:59:53.193+0000] {processor.py:914} INFO - Processing file /opt/airflow/dags/ride_pipeline.py for tasks to queue
[2026-06-09T17:59:53.196+0000] {logging_mixin.py:190} INFO - [2026-06-09T17:59:53.196+0000] {dagbag.py:587} INFO - Filling up the DagBag from /opt/airflow/dags/ride_pipeline.py
[2026-06-09T17:59:53.935+0000] {processor.py:925} INFO - DAG(s) 'ride_pipeline_monitor' retrieved from /opt/airflow/dags/ride_pipeline.py
[2026-06-09T17:59:53.959+0000] {logging_mixin.py:190} INFO - [2026-06-09T17:59:53.958+0000] {dag.py:3211} INFO - Sync 1 DAGs
[2026-06-09T17:59:53.979+0000] {logging_mixin.py:190} INFO - [2026-06-09T17:59:53.979+0000] {dag.py:4138} INFO - Setting next_dagrun for ride_pipeline_monitor to 2026-06-09 16:00:00+00:00, run_after=2026-06-09 17:00:00+00:00
[2026-06-09T17:59:54.004+0000] {processor.py:208} INFO - Processing /opt/airflow/dags/ride_pipeline.py took 0.818 seconds
[2026-06-09T18:00:24.211+0000] {processor.py:186} INFO - Started process (PID=242) to work on /opt/airflow/dags/ride_pipeline.py
[2026-06-09T18:00:24.212+0000] {processor.py:914} INFO - Processing file /opt/airflow/dags/ride_pipeline.py for tasks to queue
[2026-06-09T18:00:24.215+0000] {logging_mixin.py:190} INFO - [2026-06-09T18:00:24.214+0000] {dagbag.py:587} INFO - Filling up the DagBag from /opt/airflow/dags/ride_pipeline.py
[2026-06-09T18:00:24.951+0000] {processor.py:925} INFO - DAG(s) 'ride_pipeline_monitor' retrieved from /opt/airflow/dags/ride_pipeline.py
[2026-06-09T18:00:24.972+0000] {logging_mixin.py:190} INFO - [2026-06-09T18:00:24.971+0000] {dag.py:3211} INFO - Sync 1 DAGs
[2026-06-09T18:00:24.991+0000] {logging_mixin.py:190} INFO - [2026-06-09T18:00:24.991+0000] {dag.py:4138} INFO - Setting next_dagrun for ride_pipeline_monitor to 2026-06-09 17:00:00+00:00, run_after=2026-06-09 18:00:00+00:00
[2026-06-09T18:00:25.014+0000] {processor.py:208} INFO - Processing /opt/airflow/dags/ride_pipeline.py took 0.808 seconds
[2026-06-09T18:00:55.287+0000] {processor.py:186} INFO - Started process (PID=246) to work on /opt/airflow/dags/ride_pipeline.py
[2026-06-09T18:00:55.288+0000] {processor.py:914} INFO - Processing file /opt/airflow/dags/ride_pipeline.py for tasks to queue
[2026-06-09T18:00:55.291+0000] {logging_mixin.py:190} INFO - [2026-06-09T18:00:55.291+0000] {dagbag.py:587} INFO - Filling up the DagBag from /opt/airflow/dags/ride_pipeline.py
[2026-06-09T18:00:56.040+0000] {processor.py:925} INFO - DAG(s) 'ride_pipeline_monitor' retrieved from /opt/airflow/dags/ride_pipeline.py
[2026-06-09T18:00:56.054+0000] {logging_mixin.py:190} INFO - [2026-06-09T18:00:56.053+0000] {dag.py:3211} INFO - Sync 1 DAGs
[2026-06-09T18:00:56.073+0000] {logging_mixin.py:190} INFO - [2026-06-09T18:00:56.073+0000] {dag.py:4138} INFO - Setting next_dagrun for ride_pipeline_monitor to 2026-06-09 17:00:00+00:00, run_after=2026-06-09 18:00:00+00:00
[2026-06-09T18:00:56.096+0000] {processor.py:208} INFO - Processing /opt/airflow/dags/ride_pipeline.py took 0.816 seconds
[2026-06-09T18:01:26.351+0000] {processor.py:186} INFO - Started process (PID=250) to work on /opt/airflow/dags/ride_pipeline.py
[2026-06-09T18:01:26.352+0000] {processor.py:914} INFO - Processing file /opt/airflow/dags/ride_pipeline.py for tasks to queue
[2026-06-09T18:01:26.355+0000] {logging_mixin.py:190} INFO - [2026-06-09T18:01:26.354+0000] {dagbag.py:587} INFO - Filling up the DagBag from /opt/airflow/dags/ride_pipeline.py
[2026-06-09T18:01:27.159+0000] {processor.py:925} INFO - DAG(s) 'ride_pipeline_monitor' retrieved from /opt/airflow/dags/ride_pipeline.py
[2026-06-09T18:01:27.174+0000] {logging_mixin.py:190} INFO - [2026-06-09T18:01:27.174+0000] {dag.py:3211} INFO - Sync 1 DAGs
[2026-06-09T18:01:27.192+0000] {logging_mixin.py:190} INFO - [2026-06-09T18:01:27.192+0000] {dag.py:4138} INFO - Setting next_dagrun for ride_pipeline_monitor to 2026-06-09 17:00:00+00:00, run_after=2026-06-09 18:00:00+00:00
[2026-06-09T18:01:27.216+0000] {processor.py:208} INFO - Processing /opt/airflow/dags/ride_pipeline.py took 0.871 seconds
[2026-06-09T18:01:57.383+0000] {processor.py:186} INFO - Started process (PID=254) to work on /opt/airflow/dags/ride_pipeline.py
[2026-06-09T18:01:57.385+0000] {processor.py:914} INFO - Processing file /opt/airflow/dags/ride_pipeline.py for tasks to queue
[2026-06-09T18:01:57.389+0000] {logging_mixin.py:190} INFO - [2026-06-09T18:01:57.388+0000] {dagbag.py:587} INFO - Filling up the DagBag from /opt/airflow/dags/ride_pipeline.py
[2026-06-09T18:01:58.145+0000] {processor.py:925} INFO - DAG(s) 'ride_pipeline_monitor' retrieved from /opt/airflow/dags/ride_pipeline.py
[2026-06-09T18:01:58.161+0000] {logging_mixin.py:190} INFO - [2026-06-09T18:01:58.160+0000] {dag.py:3211} INFO - Sync 1 DAGs
[2026-06-09T18:01:58.181+0000] {logging_mixin.py:190} INFO - [2026-06-09T18:01:58.181+0000] {dag.py:4138} INFO - Setting next_dagrun for ride_pipeline_monitor to 2026-06-09 17:00:00+00:00, run_after=2026-06-09 18:00:00+00:00
[2026-06-09T18:01:58.205+0000] {processor.py:208} INFO - Processing /opt/airflow/dags/ride_pipeline.py took 0.830 seconds
[2026-06-09T18:02:28.410+0000] {processor.py:186} INFO - Started process (PID=258) to work on /opt/airflow/dags/ride_pipeline.py
[2026-06-09T18:02:28.412+0000] {processor.py:914} INFO - Processing file /opt/airflow/dags/ride_pipeline.py for tasks to queue
[2026-06-09T18:02:28.415+0000] {logging_mixin.py:190} INFO - [2026-06-09T18:02:28.414+0000] {dagbag.py:587} INFO - Filling up the DagBag from /opt/airflow/dags/ride_pipeline.py
[2026-06-09T18:02:29.215+0000] {processor.py:925} INFO - DAG(s) 'ride_pipeline_monitor' retrieved from /opt/airflow/dags/ride_pipeline.py
[2026-06-09T18:02:29.236+0000] {logging_mixin.py:190} INFO - [2026-06-09T18:02:29.235+0000] {dag.py:3211} INFO - Sync 1 DAGs
[2026-06-09T18:02:29.258+0000] {logging_mixin.py:190} INFO - [2026-06-09T18:02:29.257+0000] {dag.py:4138} INFO - Setting next_dagrun for ride_pipeline_monitor to 2026-06-09 17:00:00+00:00, run_after=2026-06-09 18:00:00+00:00
[2026-06-09T18:02:29.282+0000] {processor.py:208} INFO - Processing /opt/airflow/dags/ride_pipeline.py took 0.878 seconds
[2026-06-09T18:02:59.438+0000] {processor.py:186} INFO - Started process (PID=262) to work on /opt/airflow/dags/ride_pipeline.py
[2026-06-09T18:02:59.440+0000] {processor.py:914} INFO - Processing file /opt/airflow/dags/ride_pipeline.py for tasks to queue
[2026-06-09T18:02:59.444+0000] {logging_mixin.py:190} INFO - [2026-06-09T18:02:59.444+0000] {dagbag.py:587} INFO - Filling up the DagBag from /opt/airflow/dags/ride_pipeline.py
[2026-06-09T18:03:00.384+0000] {processor.py:925} INFO - DAG(s) 'ride_pipeline_monitor' retrieved from /opt/airflow/dags/ride_pipeline.py
[2026-06-09T18:03:00.400+0000] {logging_mixin.py:190} INFO - [2026-06-09T18:03:00.399+0000] {dag.py:3211} INFO - Sync 1 DAGs
[2026-06-09T18:03:00.422+0000] {logging_mixin.py:190} INFO - [2026-06-09T18:03:00.422+0000] {dag.py:4138} INFO - Setting next_dagrun for ride_pipeline_monitor to 2026-06-09 17:00:00+00:00, run_after=2026-06-09 18:00:00+00:00
[2026-06-09T18:03:00.452+0000] {processor.py:208} INFO - Processing /opt/airflow/dags/ride_pipeline.py took 1.020 seconds
[2026-06-09T18:03:30.672+0000] {processor.py:186} INFO - Started process (PID=266) to work on /opt/airflow/dags/ride_pipeline.py
[2026-06-09T18:03:30.674+0000] {processor.py:914} INFO - Processing file /opt/airflow/dags/ride_pipeline.py for tasks to queue
[2026-06-09T18:03:30.678+0000] {logging_mixin.py:190} INFO - [2026-06-09T18:03:30.677+0000] {dagbag.py:587} INFO - Filling up the DagBag from /opt/airflow/dags/ride_pipeline.py
[2026-06-09T18:03:31.488+0000] {processor.py:925} INFO - DAG(s) 'ride_pipeline_monitor' retrieved from /opt/airflow/dags/ride_pipeline.py
[2026-06-09T18:03:31.502+0000] {logging_mixin.py:190} INFO - [2026-06-09T18:03:31.502+0000] {dag.py:3211} INFO - Sync 1 DAGs
[2026-06-09T18:03:31.524+0000] {logging_mixin.py:190} INFO - [2026-06-09T18:03:31.523+0000] {dag.py:4138} INFO - Setting next_dagrun for ride_pipeline_monitor to 2026-06-09 17:00:00+00:00, run_after=2026-06-09 18:00:00+00:00
[2026-06-09T18:03:31.543+0000] {processor.py:208} INFO - Processing /opt/airflow/dags/ride_pipeline.py took 0.878 seconds
[2026-06-09T18:04:01.722+0000] {processor.py:186} INFO - Started process (PID=270) to work on /opt/airflow/dags/ride_pipeline.py
[2026-06-09T18:04:01.723+0000] {processor.py:914} INFO - Processing file /opt/airflow/dags/ride_pipeline.py for tasks to queue
[2026-06-09T18:04:01.727+0000] {logging_mixin.py:190} INFO - [2026-06-09T18:04:01.726+0000] {dagbag.py:587} INFO - Filling up the DagBag from /opt/airflow/dags/ride_pipeline.py
[2026-06-09T18:04:02.504+0000] {processor.py:925} INFO - DAG(s) 'ride_pipeline_monitor' retrieved from /opt/airflow/dags/ride_pipeline.py
[2026-06-09T18:04:02.522+0000] {logging_mixin.py:190} INFO - [2026-06-09T18:04:02.522+0000] {dag.py:3211} INFO - Sync 1 DAGs
[2026-06-09T18:04:02.542+0000] {logging_mixin.py:190} INFO - [2026-06-09T18:04:02.542+0000] {dag.py:4138} INFO - Setting next_dagrun for ride_pipeline_monitor to 2026-06-09 17:00:00+00:00, run_after=2026-06-09 18:00:00+00:00
[2026-06-09T18:04:02.566+0000] {processor.py:208} INFO - Processing /opt/airflow/dags/ride_pipeline.py took 0.850 seconds
[2026-06-09T18:04:32.734+0000] {processor.py:186} INFO - Started process (PID=274) to work on /opt/airflow/dags/ride_pipeline.py
[2026-06-09T18:04:32.735+0000] {processor.py:914} INFO - Processing file /opt/airflow/dags/ride_pipeline.py for tasks to queue
[2026-06-09T18:04:32.737+0000] {logging_mixin.py:190} INFO - [2026-06-09T18:04:32.737+0000] {dagbag.py:587} INFO - Filling up the DagBag from /opt/airflow/dags/ride_pipeline.py
[2026-06-09T18:04:33.686+0000] {processor.py:925} INFO - DAG(s) 'ride_pipeline_monitor' retrieved from /opt/airflow/dags/ride_pipeline.py
[2026-06-09T18:04:33.721+0000] {logging_mixin.py:190} INFO - [2026-06-09T18:04:33.720+0000] {dag.py:3211} INFO - Sync 1 DAGs
[2026-06-09T18:04:33.746+0000] {logging_mixin.py:190} INFO - [2026-06-09T18:04:33.746+0000] {dag.py:4138} INFO - Setting next_dagrun for ride_pipeline_monitor to 2026-06-09 17:00:00+00:00, run_after=2026-06-09 18:00:00+00:00
[2026-06-09T18:04:33.768+0000] {processor.py:208} INFO - Processing /opt/airflow/dags/ride_pipeline.py took 1.040 seconds
[2026-06-09T18:05:03.969+0000] {processor.py:186} INFO - Started process (PID=278) to work on /opt/airflow/dags/ride_pipeline.py
[2026-06-09T18:05:03.970+0000] {processor.py:914} INFO - Processing file /opt/airflow/dags/ride_pipeline.py for tasks to queue
[2026-06-09T18:05:03.974+0000] {logging_mixin.py:190} INFO - [2026-06-09T18:05:03.974+0000] {dagbag.py:587} INFO - Filling up the DagBag from /opt/airflow/dags/ride_pipeline.py
[2026-06-09T18:05:05.438+0000] {processor.py:925} INFO - DAG(s) 'ride_pipeline_monitor' retrieved from /opt/airflow/dags/ride_pipeline.py
[2026-06-09T18:05:05.516+0000] {logging_mixin.py:190} INFO - [2026-06-09T18:05:05.515+0000] {dag.py:3211} INFO - Sync 1 DAGs
[2026-06-09T18:05:05.595+0000] {logging_mixin.py:190} INFO - [2026-06-09T18:05:05.595+0000] {dag.py:4138} INFO - Setting next_dagrun for ride_pipeline_monitor to 2026-06-09 17:00:00+00:00, run_after=2026-06-09 18:00:00+00:00
[2026-06-09T18:05:05.638+0000] {processor.py:208} INFO - Processing /opt/airflow/dags/ride_pipeline.py took 1.645 seconds
[2026-06-09T18:05:35.870+0000] {processor.py:186} INFO - Started process (PID=282) to work on /opt/airflow/dags/ride_pipeline.py
[2026-06-09T18:05:35.872+0000] {processor.py:914} INFO - Processing file /opt/airflow/dags/ride_pipeline.py for tasks to queue
[2026-06-09T18:05:35.875+0000] {logging_mixin.py:190} INFO - [2026-06-09T18:05:35.875+0000] {dagbag.py:587} INFO - Filling up the DagBag from /opt/airflow/dags/ride_pipeline.py
[2026-06-09T18:05:37.242+0000] {processor.py:925} INFO - DAG(s) 'ride_pipeline_monitor' retrieved from /opt/airflow/dags/ride_pipeline.py
[2026-06-09T18:05:37.277+0000] {logging_mixin.py:190} INFO - [2026-06-09T18:05:37.276+0000] {dag.py:3211} INFO - Sync 1 DAGs
[2026-06-09T18:05:37.325+0000] {logging_mixin.py:190} INFO - [2026-06-09T18:05:37.325+0000] {dag.py:4138} INFO - Setting next_dagrun for ride_pipeline_monitor to 2026-06-09 17:00:00+00:00, run_after=2026-06-09 18:00:00+00:00
[2026-06-09T18:05:37.360+0000] {processor.py:208} INFO - Processing /opt/airflow/dags/ride_pipeline.py took 1.498 seconds
[2026-06-09T18:06:07.628+0000] {processor.py:186} INFO - Started process (PID=286) to work on /opt/airflow/dags/ride_pipeline.py
[2026-06-09T18:06:07.630+0000] {processor.py:914} INFO - Processing file /opt/airflow/dags/ride_pipeline.py for tasks to queue
[2026-06-09T18:06:07.634+0000] {logging_mixin.py:190} INFO - [2026-06-09T18:06:07.634+0000] {dagbag.py:587} INFO - Filling up the DagBag from /opt/airflow/dags/ride_pipeline.py
[2026-06-09T18:06:08.796+0000] {processor.py:925} INFO - DAG(s) 'ride_pipeline_monitor' retrieved from /opt/airflow/dags/ride_pipeline.py
[2026-06-09T18:06:08.817+0000] {logging_mixin.py:190} INFO - [2026-06-09T18:06:08.816+0000] {dag.py:3211} INFO - Sync 1 DAGs
[2026-06-09T18:06:08.842+0000] {logging_mixin.py:190} INFO - [2026-06-09T18:06:08.842+0000] {dag.py:4138} INFO - Setting next_dagrun for ride_pipeline_monitor to 2026-06-09 17:00:00+00:00, run_after=2026-06-09 18:00:00+00:00
[2026-06-09T18:06:08.868+0000] {processor.py:208} INFO - Processing /opt/airflow/dags/ride_pipeline.py took 1.248 seconds
[2026-06-09T18:06:39.079+0000] {processor.py:186} INFO - Started process (PID=290) to work on /opt/airflow/dags/ride_pipeline.py
[2026-06-09T18:06:39.080+0000] {processor.py:914} INFO - Processing file /opt/airflow/dags/ride_pipeline.py for tasks to queue
[2026-06-09T18:06:39.084+0000] {logging_mixin.py:190} INFO - [2026-06-09T18:06:39.083+0000] {dagbag.py:587} INFO - Filling up the DagBag from /opt/airflow/dags/ride_pipeline.py
[2026-06-09T18:06:40.329+0000] {processor.py:925} INFO - DAG(s) 'ride_pipeline_monitor' retrieved from /opt/airflow/dags/ride_pipeline.py
[2026-06-09T18:06:40.353+0000] {logging_mixin.py:190} INFO - [2026-06-09T18:06:40.352+0000] {dag.py:3211} INFO - Sync 1 DAGs
[2026-06-09T18:06:40.383+0000] {logging_mixin.py:190} INFO - [2026-06-09T18:06:40.383+0000] {dag.py:4138} INFO - Setting next_dagrun for ride_pipeline_monitor to 2026-06-09 17:00:00+00:00, run_after=2026-06-09 18:00:00+00:00
[2026-06-09T18:06:40.419+0000] {processor.py:208} INFO - Processing /opt/airflow/dags/ride_pipeline.py took 1.347 seconds
[2026-06-09T18:07:10.608+0000] {processor.py:186} INFO - Started process (PID=294) to work on /opt/airflow/dags/ride_pipeline.py
[2026-06-09T18:07:10.609+0000] {processor.py:914} INFO - Processing file /opt/airflow/dags/ride_pipeline.py for tasks to queue
[2026-06-09T18:07:10.611+0000] {logging_mixin.py:190} INFO - [2026-06-09T18:07:10.611+0000] {dagbag.py:587} INFO - Filling up the DagBag from /opt/airflow/dags/ride_pipeline.py
[2026-06-09T18:07:11.424+0000] {processor.py:925} INFO - DAG(s) 'ride_pipeline_monitor' retrieved from /opt/airflow/dags/ride_pipeline.py
[2026-06-09T18:07:11.441+0000] {logging_mixin.py:190} INFO - [2026-06-09T18:07:11.441+0000] {dag.py:3211} INFO - Sync 1 DAGs
[2026-06-09T18:07:11.463+0000] {logging_mixin.py:190} INFO - [2026-06-09T18:07:11.463+0000] {dag.py:4138} INFO - Setting next_dagrun for ride_pipeline_monitor to 2026-06-09 17:00:00+00:00, run_after=2026-06-09 18:00:00+00:00
[2026-06-09T18:07:11.486+0000] {processor.py:208} INFO - Processing /opt/airflow/dags/ride_pipeline.py took 0.884 seconds
[2026-06-09T18:07:41.652+0000] {processor.py:186} INFO - Started process (PID=298) to work on /opt/airflow/dags/ride_pipeline.py
[2026-06-09T18:07:41.653+0000] {processor.py:914} INFO - Processing file /opt/airflow/dags/ride_pipeline.py for tasks to queue
[2026-06-09T18:07:41.657+0000] {logging_mixin.py:190} INFO - [2026-06-09T18:07:41.657+0000] {dagbag.py:587} INFO - Filling up the DagBag from /opt/airflow/dags/ride_pipeline.py
[2026-06-09T18:07:42.570+0000] {processor.py:925} INFO - DAG(s) 'ride_pipeline_monitor' retrieved from /opt/airflow/dags/ride_pipeline.py
[2026-06-09T18:07:42.590+0000] {logging_mixin.py:190} INFO - [2026-06-09T18:07:42.589+0000] {dag.py:3211} INFO - Sync 1 DAGs
[2026-06-09T18:07:42.617+0000] {logging_mixin.py:190} INFO - [2026-06-09T18:07:42.616+0000] {dag.py:4138} INFO - Setting next_dagrun for ride_pipeline_monitor to 2026-06-09 17:00:00+00:00, run_after=2026-06-09 18:00:00+00:00
[2026-06-09T18:07:42.642+0000] {processor.py:208} INFO - Processing /opt/airflow/dags/ride_pipeline.py took 0.996 seconds
[2026-06-09T18:08:12.893+0000] {processor.py:186} INFO - Started process (PID=302) to work on /opt/airflow/dags/ride_pipeline.py
[2026-06-09T18:08:12.894+0000] {processor.py:914} INFO - Processing file /opt/airflow/dags/ride_pipeline.py for tasks to queue
[2026-06-09T18:08:12.897+0000] {logging_mixin.py:190} INFO - [2026-06-09T18:08:12.896+0000] {dagbag.py:587} INFO - Filling up the DagBag from /opt/airflow/dags/ride_pipeline.py
[2026-06-09T18:08:13.878+0000] {processor.py:925} INFO - DAG(s) 'ride_pipeline_monitor' retrieved from /opt/airflow/dags/ride_pipeline.py
[2026-06-09T18:08:13.901+0000] {logging_mixin.py:190} INFO - [2026-06-09T18:08:13.901+0000] {dag.py:3211} INFO - Sync 1 DAGs
[2026-06-09T18:08:13.930+0000] {logging_mixin.py:190} INFO - [2026-06-09T18:08:13.929+0000] {dag.py:4138} INFO - Setting next_dagrun for ride_pipeline_monitor to 2026-06-09 17:00:00+00:00, run_after=2026-06-09 18:00:00+00:00
[2026-06-09T18:08:13.956+0000] {processor.py:208} INFO - Processing /opt/airflow/dags/ride_pipeline.py took 1.069 seconds
[2026-06-09T18:08:44.135+0000] {processor.py:186} INFO - Started process (PID=306) to work on /opt/airflow/dags/ride_pipeline.py
[2026-06-09T18:08:44.137+0000] {processor.py:914} INFO - Processing file /opt/airflow/dags/ride_pipeline.py for tasks to queue
[2026-06-09T18:08:44.142+0000] {logging_mixin.py:190} INFO - [2026-06-09T18:08:44.141+0000] {dagbag.py:587} INFO - Filling up the DagBag from /opt/airflow/dags/ride_pipeline.py
[2026-06-09T18:08:45.070+0000] {processor.py:925} INFO - DAG(s) 'ride_pipeline_monitor' retrieved from /opt/airflow/dags/ride_pipeline.py
[2026-06-09T18:08:45.089+0000] {logging_mixin.py:190} INFO - [2026-06-09T18:08:45.088+0000] {dag.py:3211} INFO - Sync 1 DAGs
[2026-06-09T18:08:45.119+0000] {logging_mixin.py:190} INFO - [2026-06-09T18:08:45.119+0000] {dag.py:4138} INFO - Setting next_dagrun for ride_pipeline_monitor to 2026-06-09 17:00:00+00:00, run_after=2026-06-09 18:00:00+00:00
[2026-06-09T18:08:45.164+0000] {processor.py:208} INFO - Processing /opt/airflow/dags/ride_pipeline.py took 1.035 seconds
[2026-06-09T18:09:15.390+0000] {processor.py:186} INFO - Started process (PID=310) to work on /opt/airflow/dags/ride_pipeline.py
[2026-06-09T18:09:15.392+0000] {processor.py:914} INFO - Processing file /opt/airflow/dags/ride_pipeline.py for tasks to queue
[2026-06-09T18:09:15.395+0000] {logging_mixin.py:190} INFO - [2026-06-09T18:09:15.395+0000] {dagbag.py:587} INFO - Filling up the DagBag from /opt/airflow/dags/ride_pipeline.py
[2026-06-09T18:09:16.559+0000] {processor.py:925} INFO - DAG(s) 'ride_pipeline_monitor' retrieved from /opt/airflow/dags/ride_pipeline.py
[2026-06-09T18:09:16.601+0000] {logging_mixin.py:190} INFO - [2026-06-09T18:09:16.600+0000] {dag.py:3211} INFO - Sync 1 DAGs
[2026-06-09T18:09:16.639+0000] {logging_mixin.py:190} INFO - [2026-06-09T18:09:16.639+0000] {dag.py:4138} INFO - Setting next_dagrun for ride_pipeline_monitor to 2026-06-09 17:00:00+00:00, run_after=2026-06-09 18:00:00+00:00
[2026-06-09T18:09:16.668+0000] {processor.py:208} INFO - Processing /opt/airflow/dags/ride_pipeline.py took 1.286 seconds
[2026-06-09T18:09:46.840+0000] {processor.py:186} INFO - Started process (PID=314) to work on /opt/airflow/dags/ride_pipeline.py
[2026-06-09T18:09:46.842+0000] {processor.py:914} INFO - Processing file /opt/airflow/dags/ride_pipeline.py for tasks to queue
[2026-06-09T18:09:46.845+0000] {logging_mixin.py:190} INFO - [2026-06-09T18:09:46.845+0000] {dagbag.py:587} INFO - Filling up the DagBag from /opt/airflow/dags/ride_pipeline.py
[2026-06-09T18:09:47.637+0000] {processor.py:925} INFO - DAG(s) 'ride_pipeline_monitor' retrieved from /opt/airflow/dags/ride_pipeline.py
[2026-06-09T18:09:47.653+0000] {logging_mixin.py:190} INFO - [2026-06-09T18:09:47.652+0000] {dag.py:3211} INFO - Sync 1 DAGs
[2026-06-09T18:09:47.673+0000] {logging_mixin.py:190} INFO - [2026-06-09T18:09:47.672+0000] {dag.py:4138} INFO - Setting next_dagrun for ride_pipeline_monitor to 2026-06-09 17:00:00+00:00, run_after=2026-06-09 18:00:00+00:00
[2026-06-09T18:09:47.704+0000] {processor.py:208} INFO - Processing /opt/airflow/dags/ride_pipeline.py took 0.870 seconds
[2026-06-09T18:10:17.878+0000] {processor.py:186} INFO - Started process (PID=318) to work on /opt/airflow/dags/ride_pipeline.py
[2026-06-09T18:10:17.879+0000] {processor.py:914} INFO - Processing file /opt/airflow/dags/ride_pipeline.py for tasks to queue
[2026-06-09T18:10:17.882+0000] {logging_mixin.py:190} INFO - [2026-06-09T18:10:17.881+0000] {dagbag.py:587} INFO - Filling up the DagBag from /opt/airflow/dags/ride_pipeline.py
[2026-06-09T18:10:18.617+0000] {processor.py:925} INFO - DAG(s) 'ride_pipeline_monitor' retrieved from /opt/airflow/dags/ride_pipeline.py
[2026-06-09T18:10:18.636+0000] {logging_mixin.py:190} INFO - [2026-06-09T18:10:18.635+0000] {dag.py:3211} INFO - Sync 1 DAGs
[2026-06-09T18:10:18.664+0000] {logging_mixin.py:190} INFO - [2026-06-09T18:10:18.664+0000] {dag.py:4138} INFO - Setting next_dagrun for ride_pipeline_monitor to 2026-06-09 17:00:00+00:00, run_after=2026-06-09 18:00:00+00:00
[2026-06-09T18:10:18.687+0000] {processor.py:208} INFO - Processing /opt/airflow/dags/ride_pipeline.py took 0.815 seconds
[2026-06-09T18:10:48.919+0000] {processor.py:186} INFO - Started process (PID=322) to work on /opt/airflow/dags/ride_pipeline.py
[2026-06-09T18:10:48.920+0000] {processor.py:914} INFO - Processing file /opt/airflow/dags/ride_pipeline.py for tasks to queue
[2026-06-09T18:10:48.922+0000] {logging_mixin.py:190} INFO - [2026-06-09T18:10:48.922+0000] {dagbag.py:587} INFO - Filling up the DagBag from /opt/airflow/dags/ride_pipeline.py
[2026-06-09T18:10:49.763+0000] {processor.py:925} INFO - DAG(s) 'ride_pipeline_monitor' retrieved from /opt/airflow/dags/ride_pipeline.py
[2026-06-09T18:10:49.780+0000] {logging_mixin.py:190} INFO - [2026-06-09T18:10:49.779+0000] {dag.py:3211} INFO - Sync 1 DAGs
[2026-06-09T18:10:49.800+0000] {logging_mixin.py:190} INFO - [2026-06-09T18:10:49.800+0000] {dag.py:4138} INFO - Setting next_dagrun for ride_pipeline_monitor to 2026-06-09 17:00:00+00:00, run_after=2026-06-09 18:00:00+00:00
[2026-06-09T18:10:49.825+0000] {processor.py:208} INFO - Processing /opt/airflow/dags/ride_pipeline.py took 0.918 seconds
[2026-06-09T18:11:20.042+0000] {processor.py:186} INFO - Started process (PID=326) to work on /opt/airflow/dags/ride_pipeline.py
[2026-06-09T18:11:20.043+0000] {processor.py:914} INFO - Processing file /opt/airflow/dags/ride_pipeline.py for tasks to queue
[2026-06-09T18:11:20.047+0000] {logging_mixin.py:190} INFO - [2026-06-09T18:11:20.047+0000] {dagbag.py:587} INFO - Filling up the DagBag from /opt/airflow/dags/ride_pipeline.py
[2026-06-09T18:11:20.873+0000] {processor.py:925} INFO - DAG(s) 'ride_pipeline_monitor' retrieved from /opt/airflow/dags/ride_pipeline.py
[2026-06-09T18:11:20.888+0000] {logging_mixin.py:190} INFO - [2026-06-09T18:11:20.887+0000] {dag.py:3211} INFO - Sync 1 DAGs
[2026-06-09T18:11:20.909+0000] {logging_mixin.py:190} INFO - [2026-06-09T18:11:20.909+0000] {dag.py:4138} INFO - Setting next_dagrun for ride_pipeline_monitor to 2026-06-09 17:00:00+00:00, run_after=2026-06-09 18:00:00+00:00
[2026-06-09T18:11:20.930+0000] {processor.py:208} INFO - Processing /opt/airflow/dags/ride_pipeline.py took 0.894 seconds
[2026-06-09T18:11:51.169+0000] {processor.py:186} INFO - Started process (PID=330) to work on /opt/airflow/dags/ride_pipeline.py
[2026-06-09T18:11:51.170+0000] {processor.py:914} INFO - Processing file /opt/airflow/dags/ride_pipeline.py for tasks to queue
[2026-06-09T18:11:51.174+0000] {logging_mixin.py:190} INFO - [2026-06-09T18:11:51.173+0000] {dagbag.py:587} INFO - Filling up the DagBag from /opt/airflow/dags/ride_pipeline.py
[2026-06-09T18:11:51.920+0000] {processor.py:925} INFO - DAG(s) 'ride_pipeline_monitor' retrieved from /opt/airflow/dags/ride_pipeline.py
[2026-06-09T18:11:51.935+0000] {logging_mixin.py:190} INFO - [2026-06-09T18:11:51.935+0000] {dag.py:3211} INFO - Sync 1 DAGs
[2026-06-09T18:11:51.957+0000] {logging_mixin.py:190} INFO - [2026-06-09T18:11:51.956+0000] {dag.py:4138} INFO - Setting next_dagrun for ride_pipeline_monitor to 2026-06-09 17:00:00+00:00, run_after=2026-06-09 18:00:00+00:00
[2026-06-09T18:11:51.979+0000] {processor.py:208} INFO - Processing /opt/airflow/dags/ride_pipeline.py took 0.817 seconds
[2026-06-09T18:12:22.212+0000] {processor.py:186} INFO - Started process (PID=334) to work on /opt/airflow/dags/ride_pipeline.py
[2026-06-09T18:12:22.213+0000] {processor.py:914} INFO - Processing file /opt/airflow/dags/ride_pipeline.py for tasks to queue
[2026-06-09T18:12:22.217+0000] {logging_mixin.py:190} INFO - [2026-06-09T18:12:22.217+0000] {dagbag.py:587} INFO - Filling up the DagBag from /opt/airflow/dags/ride_pipeline.py
[2026-06-09T18:12:22.951+0000] {processor.py:925} INFO - DAG(s) 'ride_pipeline_monitor' retrieved from /opt/airflow/dags/ride_pipeline.py
[2026-06-09T18:12:22.967+0000] {logging_mixin.py:190} INFO - [2026-06-09T18:12:22.967+0000] {dag.py:3211} INFO - Sync 1 DAGs
[2026-06-09T18:12:22.988+0000] {logging_mixin.py:190} INFO - [2026-06-09T18:12:22.988+0000] {dag.py:4138} INFO - Setting next_dagrun for ride_pipeline_monitor to 2026-06-09 17:00:00+00:00, run_after=2026-06-09 18:00:00+00:00
[2026-06-09T18:12:23.011+0000] {processor.py:208} INFO - Processing /opt/airflow/dags/ride_pipeline.py took 0.806 seconds
[2026-06-09T18:12:53.241+0000] {processor.py:186} INFO - Started process (PID=338) to work on /opt/airflow/dags/ride_pipeline.py
[2026-06-09T18:12:53.243+0000] {processor.py:914} INFO - Processing file /opt/airflow/dags/ride_pipeline.py for tasks to queue
[2026-06-09T18:12:53.245+0000] {logging_mixin.py:190} INFO - [2026-06-09T18:12:53.245+0000] {dagbag.py:587} INFO - Filling up the DagBag from /opt/airflow/dags/ride_pipeline.py
[2026-06-09T18:12:54.004+0000] {processor.py:925} INFO - DAG(s) 'ride_pipeline_monitor' retrieved from /opt/airflow/dags/ride_pipeline.py
[2026-06-09T18:12:54.023+0000] {logging_mixin.py:190} INFO - [2026-06-09T18:12:54.022+0000] {dag.py:3211} INFO - Sync 1 DAGs
[2026-06-09T18:12:54.041+0000] {logging_mixin.py:190} INFO - [2026-06-09T18:12:54.041+0000] {dag.py:4138} INFO - Setting next_dagrun for ride_pipeline_monitor to 2026-06-09 17:00:00+00:00, run_after=2026-06-09 18:00:00+00:00
[2026-06-09T18:12:54.067+0000] {processor.py:208} INFO - Processing /opt/airflow/dags/ride_pipeline.py took 0.831 seconds
[2026-06-09T18:13:24.273+0000] {processor.py:186} INFO - Started process (PID=342) to work on /opt/airflow/dags/ride_pipeline.py
[2026-06-09T18:13:24.275+0000] {processor.py:914} INFO - Processing file /opt/airflow/dags/ride_pipeline.py for tasks to queue
[2026-06-09T18:13:24.278+0000] {logging_mixin.py:190} INFO - [2026-06-09T18:13:24.278+0000] {dagbag.py:587} INFO - Filling up the DagBag from /opt/airflow/dags/ride_pipeline.py
[2026-06-09T18:13:25.012+0000] {processor.py:925} INFO - DAG(s) 'ride_pipeline_monitor' retrieved from /opt/airflow/dags/ride_pipeline.py
[2026-06-09T18:13:25.032+0000] {logging_mixin.py:190} INFO - [2026-06-09T18:13:25.032+0000] {dag.py:3211} INFO - Sync 1 DAGs
[2026-06-09T18:13:25.057+0000] {logging_mixin.py:190} INFO - [2026-06-09T18:13:25.056+0000] {dag.py:4138} INFO - Setting next_dagrun for ride_pipeline_monitor to 2026-06-09 17:00:00+00:00, run_after=2026-06-09 18:00:00+00:00
[2026-06-09T18:13:25.084+0000] {processor.py:208} INFO - Processing /opt/airflow/dags/ride_pipeline.py took 0.817 seconds
[2026-06-09T18:13:55.301+0000] {processor.py:186} INFO - Started process (PID=346) to work on /opt/airflow/dags/ride_pipeline.py
[2026-06-09T18:13:55.303+0000] {processor.py:914} INFO - Processing file /opt/airflow/dags/ride_pipeline.py for tasks to queue
[2026-06-09T18:13:55.306+0000] {logging_mixin.py:190} INFO - [2026-06-09T18:13:55.305+0000] {dagbag.py:587} INFO - Filling up the DagBag from /opt/airflow/dags/ride_pipeline.py
[2026-06-09T18:13:56.215+0000] {processor.py:925} INFO - DAG(s) 'ride_pipeline_monitor' retrieved from /opt/airflow/dags/ride_pipeline.py
[2026-06-09T18:13:56.231+0000] {logging_mixin.py:190} INFO - [2026-06-09T18:13:56.231+0000] {dag.py:3211} INFO - Sync 1 DAGs
[2026-06-09T18:13:56.253+0000] {logging_mixin.py:190} INFO - [2026-06-09T18:13:56.253+0000] {dag.py:4138} INFO - Setting next_dagrun for ride_pipeline_monitor to 2026-06-09 17:00:00+00:00, run_after=2026-06-09 18:00:00+00:00
[2026-06-09T18:13:56.278+0000] {processor.py:208} INFO - Processing /opt/airflow/dags/ride_pipeline.py took 0.983 seconds
[2026-06-09T18:14:26.441+0000] {processor.py:186} INFO - Started process (PID=350) to work on /opt/airflow/dags/ride_pipeline.py
[2026-06-09T18:14:26.444+0000] {processor.py:914} INFO - Processing file /opt/airflow/dags/ride_pipeline.py for tasks to queue
[2026-06-09T18:14:26.448+0000] {logging_mixin.py:190} INFO - [2026-06-09T18:14:26.448+0000] {dagbag.py:587} INFO - Filling up the DagBag from /opt/airflow/dags/ride_pipeline.py
[2026-06-09T18:14:27.332+0000] {processor.py:925} INFO - DAG(s) 'ride_pipeline_monitor' retrieved from /opt/airflow/dags/ride_pipeline.py
[2026-06-09T18:14:27.350+0000] {logging_mixin.py:190} INFO - [2026-06-09T18:14:27.350+0000] {dag.py:3211} INFO - Sync 1 DAGs
[2026-06-09T18:14:27.369+0000] {logging_mixin.py:190} INFO - [2026-06-09T18:14:27.369+0000] {dag.py:4138} INFO - Setting next_dagrun for ride_pipeline_monitor to 2026-06-09 17:00:00+00:00, run_after=2026-06-09 18:00:00+00:00
[2026-06-09T18:14:27.394+0000] {processor.py:208} INFO - Processing /opt/airflow/dags/ride_pipeline.py took 0.961 seconds
[2026-06-09T18:14:57.575+0000] {processor.py:186} INFO - Started process (PID=354) to work on /opt/airflow/dags/ride_pipeline.py
[2026-06-09T18:14:57.576+0000] {processor.py:914} INFO - Processing file /opt/airflow/dags/ride_pipeline.py for tasks to queue
[2026-06-09T18:14:57.581+0000] {logging_mixin.py:190} INFO - [2026-06-09T18:14:57.580+0000] {dagbag.py:587} INFO - Filling up the DagBag from /opt/airflow/dags/ride_pipeline.py
[2026-06-09T18:14:58.412+0000] {processor.py:925} INFO - DAG(s) 'ride_pipeline_monitor' retrieved from /opt/airflow/dags/ride_pipeline.py
[2026-06-09T18:14:58.428+0000] {logging_mixin.py:190} INFO - [2026-06-09T18:14:58.427+0000] {dag.py:3211} INFO - Sync 1 DAGs
[2026-06-09T18:14:58.449+0000] {logging_mixin.py:190} INFO - [2026-06-09T18:14:58.449+0000] {dag.py:4138} INFO - Setting next_dagrun for ride_pipeline_monitor to 2026-06-09 17:00:00+00:00, run_after=2026-06-09 18:00:00+00:00
[2026-06-09T18:14:58.476+0000] {processor.py:208} INFO - Processing /opt/airflow/dags/ride_pipeline.py took 0.909 seconds
[2026-06-09T18:15:29.107+0000] {processor.py:186} INFO - Started process (PID=358) to work on /opt/airflow/dags/ride_pipeline.py
[2026-06-09T18:15:29.109+0000] {processor.py:914} INFO - Processing file /opt/airflow/dags/ride_pipeline.py for tasks to queue
[2026-06-09T18:15:29.112+0000] {logging_mixin.py:190} INFO - [2026-06-09T18:15:29.111+0000] {dagbag.py:587} INFO - Filling up the DagBag from /opt/airflow/dags/ride_pipeline.py
[2026-06-09T18:15:29.855+0000] {processor.py:925} INFO - DAG(s) 'ride_pipeline_monitor' retrieved from /opt/airflow/dags/ride_pipeline.py
[2026-06-09T18:15:29.870+0000] {logging_mixin.py:190} INFO - [2026-06-09T18:15:29.870+0000] {dag.py:3211} INFO - Sync 1 DAGs
[2026-06-09T18:15:29.890+0000] {logging_mixin.py:190} INFO - [2026-06-09T18:15:29.890+0000] {dag.py:4138} INFO - Setting next_dagrun for ride_pipeline_monitor to 2026-06-09 17:00:00+00:00, run_after=2026-06-09 18:00:00+00:00
[2026-06-09T18:15:29.916+0000] {processor.py:208} INFO - Processing /opt/airflow/dags/ride_pipeline.py took 0.816 seconds
[2026-06-09T18:16:00.430+0000] {processor.py:186} INFO - Started process (PID=362) to work on /opt/airflow/dags/ride_pipeline.py
[2026-06-09T18:16:00.432+0000] {processor.py:914} INFO - Processing file /opt/airflow/dags/ride_pipeline.py for tasks to queue
[2026-06-09T18:16:00.435+0000] {logging_mixin.py:190} INFO - [2026-06-09T18:16:00.434+0000] {dagbag.py:587} INFO - Filling up the DagBag from /opt/airflow/dags/ride_pipeline.py
[2026-06-09T18:16:01.187+0000] {processor.py:925} INFO - DAG(s) 'ride_pipeline_monitor' retrieved from /opt/airflow/dags/ride_pipeline.py
[2026-06-09T18:16:01.203+0000] {logging_mixin.py:190} INFO - [2026-06-09T18:16:01.203+0000] {dag.py:3211} INFO - Sync 1 DAGs
[2026-06-09T18:16:01.223+0000] {logging_mixin.py:190} INFO - [2026-06-09T18:16:01.223+0000] {dag.py:4138} INFO - Setting next_dagrun for ride_pipeline_monitor to 2026-06-09 17:00:00+00:00, run_after=2026-06-09 18:00:00+00:00
[2026-06-09T18:16:01.248+0000] {processor.py:208} INFO - Processing /opt/airflow/dags/ride_pipeline.py took 0.825 seconds
[2026-06-09T18:16:31.497+0000] {processor.py:186} INFO - Started process (PID=366) to work on /opt/airflow/dags/ride_pipeline.py
[2026-06-09T18:16:31.499+0000] {processor.py:914} INFO - Processing file /opt/airflow/dags/ride_pipeline.py for tasks to queue
[2026-06-09T18:16:31.502+0000] {logging_mixin.py:190} INFO - [2026-06-09T18:16:31.501+0000] {dagbag.py:587} INFO - Filling up the DagBag from /opt/airflow/dags/ride_pipeline.py
[2026-06-09T18:16:32.278+0000] {processor.py:925} INFO - DAG(s) 'ride_pipeline_monitor' retrieved from /opt/airflow/dags/ride_pipeline.py
[2026-06-09T18:16:32.293+0000] {logging_mixin.py:190} INFO - [2026-06-09T18:16:32.293+0000] {dag.py:3211} INFO - Sync 1 DAGs
[2026-06-09T18:16:32.313+0000] {logging_mixin.py:190} INFO - [2026-06-09T18:16:32.313+0000] {dag.py:4138} INFO - Setting next_dagrun for ride_pipeline_monitor to 2026-06-09 17:00:00+00:00, run_after=2026-06-09 18:00:00+00:00
[2026-06-09T18:16:32.338+0000] {processor.py:208} INFO - Processing /opt/airflow/dags/ride_pipeline.py took 0.846 seconds
[2026-06-09T18:17:02.540+0000] {processor.py:186} INFO - Started process (PID=370) to work on /opt/airflow/dags/ride_pipeline.py
[2026-06-09T18:17:02.541+0000] {processor.py:914} INFO - Processing file /opt/airflow/dags/ride_pipeline.py for tasks to queue
[2026-06-09T18:17:02.543+0000] {logging_mixin.py:190} INFO - [2026-06-09T18:17:02.543+0000] {dagbag.py:587} INFO - Filling up the DagBag from /opt/airflow/dags/ride_pipeline.py
[2026-06-09T18:17:03.310+0000] {processor.py:925} INFO - DAG(s) 'ride_pipeline_monitor' retrieved from /opt/airflow/dags/ride_pipeline.py
[2026-06-09T18:17:03.324+0000] {logging_mixin.py:190} INFO - [2026-06-09T18:17:03.323+0000] {dag.py:3211} INFO - Sync 1 DAGs
[2026-06-09T18:17:03.344+0000] {logging_mixin.py:190} INFO - [2026-06-09T18:17:03.344+0000] {dag.py:4138} INFO - Setting next_dagrun for ride_pipeline_monitor to 2026-06-09 17:00:00+00:00, run_after=2026-06-09 18:00:00+00:00
[2026-06-09T18:17:03.368+0000] {processor.py:208} INFO - Processing /opt/airflow/dags/ride_pipeline.py took 0.833 seconds
[2026-06-09T18:17:33.565+0000] {processor.py:186} INFO - Started process (PID=374) to work on /opt/airflow/dags/ride_pipeline.py
[2026-06-09T18:17:33.566+0000] {processor.py:914} INFO - Processing file /opt/airflow/dags/ride_pipeline.py for tasks to queue
[2026-06-09T18:17:33.569+0000] {logging_mixin.py:190} INFO - [2026-06-09T18:17:33.569+0000] {dagbag.py:587} INFO - Filling up the DagBag from /opt/airflow/dags/ride_pipeline.py
[2026-06-09T18:17:34.329+0000] {processor.py:925} INFO - DAG(s) 'ride_pipeline_monitor' retrieved from /opt/airflow/dags/ride_pipeline.py
[2026-06-09T18:17:34.350+0000] {logging_mixin.py:190} INFO - [2026-06-09T18:17:34.349+0000] {dag.py:3211} INFO - Sync 1 DAGs
[2026-06-09T18:17:34.373+0000] {logging_mixin.py:190} INFO - [2026-06-09T18:17:34.373+0000] {dag.py:4138} INFO - Setting next_dagrun for ride_pipeline_monitor to 2026-06-09 17:00:00+00:00, run_after=2026-06-09 18:00:00+00:00
[2026-06-09T18:17:34.398+0000] {processor.py:208} INFO - Processing /opt/airflow/dags/ride_pipeline.py took 0.838 seconds
[2026-06-09T18:18:04.595+0000] {processor.py:186} INFO - Started process (PID=378) to work on /opt/airflow/dags/ride_pipeline.py
[2026-06-09T18:18:04.596+0000] {processor.py:914} INFO - Processing file /opt/airflow/dags/ride_pipeline.py for tasks to queue
[2026-06-09T18:18:04.598+0000] {logging_mixin.py:190} INFO - [2026-06-09T18:18:04.598+0000] {dagbag.py:587} INFO - Filling up the DagBag from /opt/airflow/dags/ride_pipeline.py
[2026-06-09T18:18:05.374+0000] {processor.py:925} INFO - DAG(s) 'ride_pipeline_monitor' retrieved from /opt/airflow/dags/ride_pipeline.py
[2026-06-09T18:18:05.393+0000] {logging_mixin.py:190} INFO - [2026-06-09T18:18:05.392+0000] {dag.py:3211} INFO - Sync 1 DAGs
[2026-06-09T18:18:05.416+0000] {logging_mixin.py:190} INFO - [2026-06-09T18:18:05.415+0000] {dag.py:4138} INFO - Setting next_dagrun for ride_pipeline_monitor to 2026-06-09 17:00:00+00:00, run_after=2026-06-09 18:00:00+00:00
[2026-06-09T18:18:05.442+0000] {processor.py:208} INFO - Processing /opt/airflow/dags/ride_pipeline.py took 0.853 seconds
[2026-06-09T18:18:35.632+0000] {processor.py:186} INFO - Started process (PID=382) to work on /opt/airflow/dags/ride_pipeline.py
[2026-06-09T18:18:35.633+0000] {processor.py:914} INFO - Processing file /opt/airflow/dags/ride_pipeline.py for tasks to queue
[2026-06-09T18:18:35.636+0000] {logging_mixin.py:190} INFO - [2026-06-09T18:18:35.636+0000] {dagbag.py:587} INFO - Filling up the DagBag from /opt/airflow/dags/ride_pipeline.py
[2026-06-09T18:18:36.461+0000] {processor.py:925} INFO - DAG(s) 'ride_pipeline_monitor' retrieved from /opt/airflow/dags/ride_pipeline.py
[2026-06-09T18:18:36.477+0000] {logging_mixin.py:190} INFO - [2026-06-09T18:18:36.476+0000] {dag.py:3211} INFO - Sync 1 DAGs
[2026-06-09T18:18:36.504+0000] {logging_mixin.py:190} INFO - [2026-06-09T18:18:36.503+0000] {dag.py:4138} INFO - Setting next_dagrun for ride_pipeline_monitor to 2026-06-09 17:00:00+00:00, run_after=2026-06-09 18:00:00+00:00
[2026-06-09T18:18:36.525+0000] {processor.py:208} INFO - Processing /opt/airflow/dags/ride_pipeline.py took 0.898 seconds
[2026-06-09T18:19:06.779+0000] {processor.py:186} INFO - Started process (PID=386) to work on /opt/airflow/dags/ride_pipeline.py
[2026-06-09T18:19:06.780+0000] {processor.py:914} INFO - Processing file /opt/airflow/dags/ride_pipeline.py for tasks to queue
[2026-06-09T18:19:06.783+0000] {logging_mixin.py:190} INFO - [2026-06-09T18:19:06.783+0000] {dagbag.py:587} INFO - Filling up the DagBag from /opt/airflow/dags/ride_pipeline.py
[2026-06-09T18:19:07.506+0000] {processor.py:925} INFO - DAG(s) 'ride_pipeline_monitor' retrieved from /opt/airflow/dags/ride_pipeline.py
[2026-06-09T18:19:07.543+0000] {logging_mixin.py:190} INFO - [2026-06-09T18:19:07.543+0000] {dag.py:3211} INFO - Sync 1 DAGs
[2026-06-09T18:19:07.571+0000] {logging_mixin.py:190} INFO - [2026-06-09T18:19:07.571+0000] {dag.py:4138} INFO - Setting next_dagrun for ride_pipeline_monitor to 2026-06-09 17:00:00+00:00, run_after=2026-06-09 18:00:00+00:00
[2026-06-09T18:19:07.616+0000] {processor.py:208} INFO - Processing /opt/airflow/dags/ride_pipeline.py took 0.843 seconds
[2026-06-09T18:19:37.818+0000] {processor.py:186} INFO - Started process (PID=390) to work on /opt/airflow/dags/ride_pipeline.py
[2026-06-09T18:19:37.819+0000] {processor.py:914} INFO - Processing file /opt/airflow/dags/ride_pipeline.py for tasks to queue
[2026-06-09T18:19:37.823+0000] {logging_mixin.py:190} INFO - [2026-06-09T18:19:37.823+0000] {dagbag.py:587} INFO - Filling up the DagBag from /opt/airflow/dags/ride_pipeline.py
[2026-06-09T18:19:38.623+0000] {processor.py:925} INFO - DAG(s) 'ride_pipeline_monitor' retrieved from /opt/airflow/dags/ride_pipeline.py
[2026-06-09T18:19:38.639+0000] {logging_mixin.py:190} INFO - [2026-06-09T18:19:38.638+0000] {dag.py:3211} INFO - Sync 1 DAGs
[2026-06-09T18:19:38.667+0000] {logging_mixin.py:190} INFO - [2026-06-09T18:19:38.666+0000] {dag.py:4138} INFO - Setting next_dagrun for ride_pipeline_monitor to 2026-06-09 17:00:00+00:00, run_after=2026-06-09 18:00:00+00:00
[2026-06-09T18:19:38.689+0000] {processor.py:208} INFO - Processing /opt/airflow/dags/ride_pipeline.py took 0.836 seconds
[2026-06-09T18:20:08.932+0000] {processor.py:186} INFO - Started process (PID=394) to work on /opt/airflow/dags/ride_pipeline.py
[2026-06-09T18:20:08.933+0000] {processor.py:914} INFO - Processing file /opt/airflow/dags/ride_pipeline.py for tasks to queue
[2026-06-09T18:20:08.936+0000] {logging_mixin.py:190} INFO - [2026-06-09T18:20:08.936+0000] {dagbag.py:587} INFO - Filling up the DagBag from /opt/airflow/dags/ride_pipeline.py
[2026-06-09T18:20:09.646+0000] {processor.py:925} INFO - DAG(s) 'ride_pipeline_monitor' retrieved from /opt/airflow/dags/ride_pipeline.py
[2026-06-09T18:20:09.661+0000] {logging_mixin.py:190} INFO - [2026-06-09T18:20:09.660+0000] {dag.py:3211} INFO - Sync 1 DAGs
[2026-06-09T18:20:09.684+0000] {logging_mixin.py:190} INFO - [2026-06-09T18:20:09.683+0000] {dag.py:4138} INFO - Setting next_dagrun for ride_pipeline_monitor to 2026-06-09 17:00:00+00:00, run_after=2026-06-09 18:00:00+00:00
[2026-06-09T18:20:09.706+0000] {processor.py:208} INFO - Processing /opt/airflow/dags/ride_pipeline.py took 0.782 seconds
[2026-06-09T18:20:39.966+0000] {processor.py:186} INFO - Started process (PID=398) to work on /opt/airflow/dags/ride_pipeline.py
[2026-06-09T18:20:39.967+0000] {processor.py:914} INFO - Processing file /opt/airflow/dags/ride_pipeline.py for tasks to queue
[2026-06-09T18:20:39.970+0000] {logging_mixin.py:190} INFO - [2026-06-09T18:20:39.969+0000] {dagbag.py:587} INFO - Filling up the DagBag from /opt/airflow/dags/ride_pipeline.py
[2026-06-09T18:20:41.221+0000] {processor.py:925} INFO - DAG(s) 'ride_pipeline_monitor' retrieved from /opt/airflow/dags/ride_pipeline.py
[2026-06-09T18:20:41.236+0000] {logging_mixin.py:190} INFO - [2026-06-09T18:20:41.235+0000] {dag.py:3211} INFO - Sync 1 DAGs
[2026-06-09T18:20:41.258+0000] {logging_mixin.py:190} INFO - [2026-06-09T18:20:41.257+0000] {dag.py:4138} INFO - Setting next_dagrun for ride_pipeline_monitor to 2026-06-09 17:00:00+00:00, run_after=2026-06-09 18:00:00+00:00
[2026-06-09T18:20:41.278+0000] {processor.py:208} INFO - Processing /opt/airflow/dags/ride_pipeline.py took 1.319 seconds
[2026-06-09T18:21:12.188+0000] {processor.py:186} INFO - Started process (PID=402) to work on /opt/airflow/dags/ride_pipeline.py
[2026-06-09T18:21:12.189+0000] {processor.py:914} INFO - Processing file /opt/airflow/dags/ride_pipeline.py for tasks to queue
[2026-06-09T18:21:12.193+0000] {logging_mixin.py:190} INFO - [2026-06-09T18:21:12.192+0000] {dagbag.py:587} INFO - Filling up the DagBag from /opt/airflow/dags/ride_pipeline.py
[2026-06-09T18:21:12.896+0000] {processor.py:925} INFO - DAG(s) 'ride_pipeline_monitor' retrieved from /opt/airflow/dags/ride_pipeline.py
[2026-06-09T18:21:12.913+0000] {logging_mixin.py:190} INFO - [2026-06-09T18:21:12.912+0000] {dag.py:3211} INFO - Sync 1 DAGs
[2026-06-09T18:21:12.933+0000] {logging_mixin.py:190} INFO - [2026-06-09T18:21:12.933+0000] {dag.py:4138} INFO - Setting next_dagrun for ride_pipeline_monitor to 2026-06-09 17:00:00+00:00, run_after=2026-06-09 18:00:00+00:00
[2026-06-09T18:21:12.955+0000] {processor.py:208} INFO - Processing /opt/airflow/dags/ride_pipeline.py took 0.774 seconds
[2026-06-09T18:21:43.644+0000] {processor.py:186} INFO - Started process (PID=406) to work on /opt/airflow/dags/ride_pipeline.py
[2026-06-09T18:21:43.645+0000] {processor.py:914} INFO - Processing file /opt/airflow/dags/ride_pipeline.py for tasks to queue
[2026-06-09T18:21:43.648+0000] {logging_mixin.py:190} INFO - [2026-06-09T18:21:43.648+0000] {dagbag.py:587} INFO - Filling up the DagBag from /opt/airflow/dags/ride_pipeline.py
[2026-06-09T18:21:44.472+0000] {processor.py:925} INFO - DAG(s) 'ride_pipeline_monitor' retrieved from /opt/airflow/dags/ride_pipeline.py
[2026-06-09T18:21:44.489+0000] {logging_mixin.py:190} INFO - [2026-06-09T18:21:44.488+0000] {dag.py:3211} INFO - Sync 1 DAGs
[2026-06-09T18:21:44.510+0000] {logging_mixin.py:190} INFO - [2026-06-09T18:21:44.510+0000] {dag.py:4138} INFO - Setting next_dagrun for ride_pipeline_monitor to 2026-06-09 17:00:00+00:00, run_after=2026-06-09 18:00:00+00:00
[2026-06-09T18:21:44.534+0000] {processor.py:208} INFO - Processing /opt/airflow/dags/ride_pipeline.py took 0.896 seconds
[2026-06-09T18:22:15.155+0000] {processor.py:186} INFO - Started process (PID=410) to work on /opt/airflow/dags/ride_pipeline.py
[2026-06-09T18:22:15.157+0000] {processor.py:914} INFO - Processing file /opt/airflow/dags/ride_pipeline.py for tasks to queue
[2026-06-09T18:22:15.161+0000] {logging_mixin.py:190} INFO - [2026-06-09T18:22:15.160+0000] {dagbag.py:587} INFO - Filling up the DagBag from /opt/airflow/dags/ride_pipeline.py
[2026-06-09T18:22:15.870+0000] {processor.py:925} INFO - DAG(s) 'ride_pipeline_monitor' retrieved from /opt/airflow/dags/ride_pipeline.py
[2026-06-09T18:22:15.888+0000] {logging_mixin.py:190} INFO - [2026-06-09T18:22:15.887+0000] {dag.py:3211} INFO - Sync 1 DAGs
[2026-06-09T18:22:15.906+0000] {logging_mixin.py:190} INFO - [2026-06-09T18:22:15.906+0000] {dag.py:4138} INFO - Setting next_dagrun for ride_pipeline_monitor to 2026-06-09 17:00:00+00:00, run_after=2026-06-09 18:00:00+00:00
[2026-06-09T18:22:15.930+0000] {processor.py:208} INFO - Processing /opt/airflow/dags/ride_pipeline.py took 0.781 seconds
[2026-06-09T18:22:46.159+0000] {processor.py:186} INFO - Started process (PID=414) to work on /opt/airflow/dags/ride_pipeline.py
[2026-06-09T18:22:46.160+0000] {processor.py:914} INFO - Processing file /opt/airflow/dags/ride_pipeline.py for tasks to queue
[2026-06-09T18:22:46.164+0000] {logging_mixin.py:190} INFO - [2026-06-09T18:22:46.163+0000] {dagbag.py:587} INFO - Filling up the DagBag from /opt/airflow/dags/ride_pipeline.py
[2026-06-09T18:22:46.942+0000] {processor.py:925} INFO - DAG(s) 'ride_pipeline_monitor' retrieved from /opt/airflow/dags/ride_pipeline.py
[2026-06-09T18:22:46.960+0000] {logging_mixin.py:190} INFO - [2026-06-09T18:22:46.960+0000] {dag.py:3211} INFO - Sync 1 DAGs
[2026-06-09T18:22:46.981+0000] {logging_mixin.py:190} INFO - [2026-06-09T18:22:46.981+0000] {dag.py:4138} INFO - Setting next_dagrun for ride_pipeline_monitor to 2026-06-09 17:00:00+00:00, run_after=2026-06-09 18:00:00+00:00
[2026-06-09T18:22:47.003+0000] {processor.py:208} INFO - Processing /opt/airflow/dags/ride_pipeline.py took 0.849 seconds
[2026-06-09T18:23:17.270+0000] {processor.py:186} INFO - Started process (PID=418) to work on /opt/airflow/dags/ride_pipeline.py
[2026-06-09T18:23:17.271+0000] {processor.py:914} INFO - Processing file /opt/airflow/dags/ride_pipeline.py for tasks to queue
[2026-06-09T18:23:17.274+0000] {logging_mixin.py:190} INFO - [2026-06-09T18:23:17.274+0000] {dagbag.py:587} INFO - Filling up the DagBag from /opt/airflow/dags/ride_pipeline.py
[2026-06-09T18:23:17.981+0000] {processor.py:925} INFO - DAG(s) 'ride_pipeline_monitor' retrieved from /opt/airflow/dags/ride_pipeline.py
[2026-06-09T18:23:17.996+0000] {logging_mixin.py:190} INFO - [2026-06-09T18:23:17.995+0000] {dag.py:3211} INFO - Sync 1 DAGs
[2026-06-09T18:23:18.015+0000] {logging_mixin.py:190} INFO - [2026-06-09T18:23:18.015+0000] {dag.py:4138} INFO - Setting next_dagrun for ride_pipeline_monitor to 2026-06-09 17:00:00+00:00, run_after=2026-06-09 18:00:00+00:00
[2026-06-09T18:23:18.037+0000] {processor.py:208} INFO - Processing /opt/airflow/dags/ride_pipeline.py took 0.773 seconds
[2026-06-09T18:23:48.265+0000] {processor.py:186} INFO - Started process (PID=422) to work on /opt/airflow/dags/ride_pipeline.py
[2026-06-09T18:23:48.266+0000] {processor.py:914} INFO - Processing file /opt/airflow/dags/ride_pipeline.py for tasks to queue
[2026-06-09T18:23:48.268+0000] {logging_mixin.py:190} INFO - [2026-06-09T18:23:48.268+0000] {dagbag.py:587} INFO - Filling up the DagBag from /opt/airflow/dags/ride_pipeline.py
[2026-06-09T18:23:49.051+0000] {processor.py:925} INFO - DAG(s) 'ride_pipeline_monitor' retrieved from /opt/airflow/dags/ride_pipeline.py
[2026-06-09T18:23:49.071+0000] {logging_mixin.py:190} INFO - [2026-06-09T18:23:49.070+0000] {dag.py:3211} INFO - Sync 1 DAGs
[2026-06-09T18:23:49.098+0000] {logging_mixin.py:190} INFO - [2026-06-09T18:23:49.098+0000] {dag.py:4138} INFO - Setting next_dagrun for ride_pipeline_monitor to 2026-06-09 17:00:00+00:00, run_after=2026-06-09 18:00:00+00:00
[2026-06-09T18:23:49.125+0000] {processor.py:208} INFO - Processing /opt/airflow/dags/ride_pipeline.py took 0.866 seconds
[2026-06-09T18:24:19.367+0000] {processor.py:186} INFO - Started process (PID=426) to work on /opt/airflow/dags/ride_pipeline.py
[2026-06-09T18:24:19.368+0000] {processor.py:914} INFO - Processing file /opt/airflow/dags/ride_pipeline.py for tasks to queue
[2026-06-09T18:24:19.371+0000] {logging_mixin.py:190} INFO - [2026-06-09T18:24:19.371+0000] {dagbag.py:587} INFO - Filling up the DagBag from /opt/airflow/dags/ride_pipeline.py
[2026-06-09T18:24:20.084+0000] {processor.py:925} INFO - DAG(s) 'ride_pipeline_monitor' retrieved from /opt/airflow/dags/ride_pipeline.py
[2026-06-09T18:24:20.100+0000] {logging_mixin.py:190} INFO - [2026-06-09T18:24:20.099+0000] {dag.py:3211} INFO - Sync 1 DAGs
[2026-06-09T18:24:20.119+0000] {logging_mixin.py:190} INFO - [2026-06-09T18:24:20.119+0000] {dag.py:4138} INFO - Setting next_dagrun for ride_pipeline_monitor to 2026-06-09 17:00:00+00:00, run_after=2026-06-09 18:00:00+00:00
[2026-06-09T18:24:20.143+0000] {processor.py:208} INFO - Processing /opt/airflow/dags/ride_pipeline.py took 0.781 seconds
[2026-06-09T18:24:50.375+0000] {processor.py:186} INFO - Started process (PID=430) to work on /opt/airflow/dags/ride_pipeline.py
[2026-06-09T18:24:50.376+0000] {processor.py:914} INFO - Processing file /opt/airflow/dags/ride_pipeline.py for tasks to queue
[2026-06-09T18:24:50.379+0000] {logging_mixin.py:190} INFO - [2026-06-09T18:24:50.379+0000] {dagbag.py:587} INFO - Filling up the DagBag from /opt/airflow/dags/ride_pipeline.py
[2026-06-09T18:24:51.255+0000] {processor.py:925} INFO - DAG(s) 'ride_pipeline_monitor' retrieved from /opt/airflow/dags/ride_pipeline.py
[2026-06-09T18:24:51.270+0000] {logging_mixin.py:190} INFO - [2026-06-09T18:24:51.269+0000] {dag.py:3211} INFO - Sync 1 DAGs
[2026-06-09T18:24:51.289+0000] {logging_mixin.py:190} INFO - [2026-06-09T18:24:51.289+0000] {dag.py:4138} INFO - Setting next_dagrun for ride_pipeline_monitor to 2026-06-09 17:00:00+00:00, run_after=2026-06-09 18:00:00+00:00
[2026-06-09T18:24:51.311+0000] {processor.py:208} INFO - Processing /opt/airflow/dags/ride_pipeline.py took 0.942 seconds
[2026-06-09T18:25:21.653+0000] {processor.py:186} INFO - Started process (PID=434) to work on /opt/airflow/dags/ride_pipeline.py
[2026-06-09T18:25:21.654+0000] {processor.py:914} INFO - Processing file /opt/airflow/dags/ride_pipeline.py for tasks to queue
[2026-06-09T18:25:21.658+0000] {logging_mixin.py:190} INFO - [2026-06-09T18:25:21.657+0000] {dagbag.py:587} INFO - Filling up the DagBag from /opt/airflow/dags/ride_pipeline.py
[2026-06-09T18:25:22.425+0000] {processor.py:925} INFO - DAG(s) 'ride_pipeline_monitor' retrieved from /opt/airflow/dags/ride_pipeline.py
[2026-06-09T18:25:22.439+0000] {logging_mixin.py:190} INFO - [2026-06-09T18:25:22.439+0000] {dag.py:3211} INFO - Sync 1 DAGs
[2026-06-09T18:25:22.460+0000] {logging_mixin.py:190} INFO - [2026-06-09T18:25:22.459+0000] {dag.py:4138} INFO - Setting next_dagrun for ride_pipeline_monitor to 2026-06-09 17:00:00+00:00, run_after=2026-06-09 18:00:00+00:00
[2026-06-09T18:25:22.480+0000] {processor.py:208} INFO - Processing /opt/airflow/dags/ride_pipeline.py took 0.784 seconds
[2026-06-09T18:25:52.699+0000] {processor.py:186} INFO - Started process (PID=438) to work on /opt/airflow/dags/ride_pipeline.py
[2026-06-09T18:25:52.700+0000] {processor.py:914} INFO - Processing file /opt/airflow/dags/ride_pipeline.py for tasks to queue
[2026-06-09T18:25:52.702+0000] {logging_mixin.py:190} INFO - [2026-06-09T18:25:52.702+0000] {dagbag.py:587} INFO - Filling up the DagBag from /opt/airflow/dags/ride_pipeline.py
[2026-06-09T18:25:53.408+0000] {processor.py:925} INFO - DAG(s) 'ride_pipeline_monitor' retrieved from /opt/airflow/dags/ride_pipeline.py
[2026-06-09T18:25:53.424+0000] {logging_mixin.py:190} INFO - [2026-06-09T18:25:53.423+0000] {dag.py:3211} INFO - Sync 1 DAGs
[2026-06-09T18:25:53.447+0000] {logging_mixin.py:190} INFO - [2026-06-09T18:25:53.446+0000] {dag.py:4138} INFO - Setting next_dagrun for ride_pipeline_monitor to 2026-06-09 17:00:00+00:00, run_after=2026-06-09 18:00:00+00:00
[2026-06-09T18:25:53.468+0000] {processor.py:208} INFO - Processing /opt/airflow/dags/ride_pipeline.py took 0.775 seconds
[2026-06-09T18:26:23.699+0000] {processor.py:186} INFO - Started process (PID=442) to work on /opt/airflow/dags/ride_pipeline.py
[2026-06-09T18:26:23.700+0000] {processor.py:914} INFO - Processing file /opt/airflow/dags/ride_pipeline.py for tasks to queue
[2026-06-09T18:26:23.703+0000] {logging_mixin.py:190} INFO - [2026-06-09T18:26:23.703+0000] {dagbag.py:587} INFO - Filling up the DagBag from /opt/airflow/dags/ride_pipeline.py
[2026-06-09T18:26:24.634+0000] {processor.py:925} INFO - DAG(s) 'ride_pipeline_monitor' retrieved from /opt/airflow/dags/ride_pipeline.py
[2026-06-09T18:26:24.649+0000] {logging_mixin.py:190} INFO - [2026-06-09T18:26:24.649+0000] {dag.py:3211} INFO - Sync 1 DAGs
[2026-06-09T18:26:24.671+0000] {logging_mixin.py:190} INFO - [2026-06-09T18:26:24.670+0000] {dag.py:4138} INFO - Setting next_dagrun for ride_pipeline_monitor to 2026-06-09 17:00:00+00:00, run_after=2026-06-09 18:00:00+00:00
[2026-06-09T18:26:24.694+0000] {processor.py:208} INFO - Processing /opt/airflow/dags/ride_pipeline.py took 1.002 seconds
[2026-06-09T18:26:55.036+0000] {processor.py:186} INFO - Started process (PID=446) to work on /opt/airflow/dags/ride_pipeline.py
[2026-06-09T18:26:55.038+0000] {processor.py:914} INFO - Processing file /opt/airflow/dags/ride_pipeline.py for tasks to queue
[2026-06-09T18:26:55.044+0000] {logging_mixin.py:190} INFO - [2026-06-09T18:26:55.043+0000] {dagbag.py:587} INFO - Filling up the DagBag from /opt/airflow/dags/ride_pipeline.py
[2026-06-09T18:26:55.757+0000] {processor.py:925} INFO - DAG(s) 'ride_pipeline_monitor' retrieved from /opt/airflow/dags/ride_pipeline.py
[2026-06-09T18:26:55.773+0000] {logging_mixin.py:190} INFO - [2026-06-09T18:26:55.773+0000] {dag.py:3211} INFO - Sync 1 DAGs
[2026-06-09T18:26:55.792+0000] {logging_mixin.py:190} INFO - [2026-06-09T18:26:55.791+0000] {dag.py:4138} INFO - Setting next_dagrun for ride_pipeline_monitor to 2026-06-09 17:00:00+00:00, run_after=2026-06-09 18:00:00+00:00
[2026-06-09T18:26:55.816+0000] {processor.py:208} INFO - Processing /opt/airflow/dags/ride_pipeline.py took 0.788 seconds
[2026-06-09T18:27:26.053+0000] {processor.py:186} INFO - Started process (PID=450) to work on /opt/airflow/dags/ride_pipeline.py
[2026-06-09T18:27:26.055+0000] {processor.py:914} INFO - Processing file /opt/airflow/dags/ride_pipeline.py for tasks to queue
[2026-06-09T18:27:26.059+0000] {logging_mixin.py:190} INFO - [2026-06-09T18:27:26.058+0000] {dagbag.py:587} INFO - Filling up the DagBag from /opt/airflow/dags/ride_pipeline.py
[2026-06-09T18:27:26.921+0000] {processor.py:925} INFO - DAG(s) 'ride_pipeline_monitor' retrieved from /opt/airflow/dags/ride_pipeline.py
[2026-06-09T18:27:26.938+0000] {logging_mixin.py:190} INFO - [2026-06-09T18:27:26.938+0000] {dag.py:3211} INFO - Sync 1 DAGs
[2026-06-09T18:27:26.957+0000] {logging_mixin.py:190} INFO - [2026-06-09T18:27:26.957+0000] {dag.py:4138} INFO - Setting next_dagrun for ride_pipeline_monitor to 2026-06-09 17:00:00+00:00, run_after=2026-06-09 18:00:00+00:00
[2026-06-09T18:27:26.978+0000] {processor.py:208} INFO - Processing /opt/airflow/dags/ride_pipeline.py took 0.933 seconds
[2026-06-09T18:27:57.227+0000] {processor.py:186} INFO - Started process (PID=454) to work on /opt/airflow/dags/ride_pipeline.py
[2026-06-09T18:27:57.228+0000] {processor.py:914} INFO - Processing file /opt/airflow/dags/ride_pipeline.py for tasks to queue
[2026-06-09T18:27:57.232+0000] {logging_mixin.py:190} INFO - [2026-06-09T18:27:57.231+0000] {dagbag.py:587} INFO - Filling up the DagBag from /opt/airflow/dags/ride_pipeline.py
[2026-06-09T18:27:58.058+0000] {processor.py:925} INFO - DAG(s) 'ride_pipeline_monitor' retrieved from /opt/airflow/dags/ride_pipeline.py
[2026-06-09T18:27:58.075+0000] {logging_mixin.py:190} INFO - [2026-06-09T18:27:58.074+0000] {dag.py:3211} INFO - Sync 1 DAGs
[2026-06-09T18:27:58.095+0000] {logging_mixin.py:190} INFO - [2026-06-09T18:27:58.095+0000] {dag.py:4138} INFO - Setting next_dagrun for ride_pipeline_monitor to 2026-06-09 17:00:00+00:00, run_after=2026-06-09 18:00:00+00:00
[2026-06-09T18:27:58.119+0000] {processor.py:208} INFO - Processing /opt/airflow/dags/ride_pipeline.py took 0.899 seconds
[2026-06-09T18:28:28.387+0000] {processor.py:186} INFO - Started process (PID=458) to work on /opt/airflow/dags/ride_pipeline.py
[2026-06-09T18:28:28.388+0000] {processor.py:914} INFO - Processing file /opt/airflow/dags/ride_pipeline.py for tasks to queue
[2026-06-09T18:28:28.391+0000] {logging_mixin.py:190} INFO - [2026-06-09T18:28:28.391+0000] {dagbag.py:587} INFO - Filling up the DagBag from /opt/airflow/dags/ride_pipeline.py
[2026-06-09T18:28:29.098+0000] {processor.py:925} INFO - DAG(s) 'ride_pipeline_monitor' retrieved from /opt/airflow/dags/ride_pipeline.py
[2026-06-09T18:28:29.113+0000] {logging_mixin.py:190} INFO - [2026-06-09T18:28:29.113+0000] {dag.py:3211} INFO - Sync 1 DAGs
[2026-06-09T18:28:29.132+0000] {logging_mixin.py:190} INFO - [2026-06-09T18:28:29.132+0000] {dag.py:4138} INFO - Setting next_dagrun for ride_pipeline_monitor to 2026-06-09 17:00:00+00:00, run_after=2026-06-09 18:00:00+00:00
[2026-06-09T18:28:29.157+0000] {processor.py:208} INFO - Processing /opt/airflow/dags/ride_pipeline.py took 0.776 seconds
[2026-06-09T18:28:59.359+0000] {processor.py:186} INFO - Started process (PID=462) to work on /opt/airflow/dags/ride_pipeline.py
[2026-06-09T18:28:59.360+0000] {processor.py:914} INFO - Processing file /opt/airflow/dags/ride_pipeline.py for tasks to queue
[2026-06-09T18:28:59.363+0000] {logging_mixin.py:190} INFO - [2026-06-09T18:28:59.363+0000] {dagbag.py:587} INFO - Filling up the DagBag from /opt/airflow/dags/ride_pipeline.py
[2026-06-09T18:29:00.065+0000] {processor.py:925} INFO - DAG(s) 'ride_pipeline_monitor' retrieved from /opt/airflow/dags/ride_pipeline.py
[2026-06-09T18:29:00.080+0000] {logging_mixin.py:190} INFO - [2026-06-09T18:29:00.080+0000] {dag.py:3211} INFO - Sync 1 DAGs
[2026-06-09T18:29:00.101+0000] {logging_mixin.py:190} INFO - [2026-06-09T18:29:00.101+0000] {dag.py:4138} INFO - Setting next_dagrun for ride_pipeline_monitor to 2026-06-09 17:00:00+00:00, run_after=2026-06-09 18:00:00+00:00
[2026-06-09T18:29:00.124+0000] {processor.py:208} INFO - Processing /opt/airflow/dags/ride_pipeline.py took 0.771 seconds
[2026-06-09T18:29:30.326+0000] {processor.py:186} INFO - Started process (PID=466) to work on /opt/airflow/dags/ride_pipeline.py
[2026-06-09T18:29:30.328+0000] {processor.py:914} INFO - Processing file /opt/airflow/dags/ride_pipeline.py for tasks to queue
[2026-06-09T18:29:30.330+0000] {logging_mixin.py:190} INFO - [2026-06-09T18:29:30.330+0000] {dagbag.py:587} INFO - Filling up the DagBag from /opt/airflow/dags/ride_pipeline.py
[2026-06-09T18:29:31.042+0000] {processor.py:925} INFO - DAG(s) 'ride_pipeline_monitor' retrieved from /opt/airflow/dags/ride_pipeline.py
[2026-06-09T18:29:31.056+0000] {logging_mixin.py:190} INFO - [2026-06-09T18:29:31.056+0000] {dag.py:3211} INFO - Sync 1 DAGs
[2026-06-09T18:29:31.076+0000] {logging_mixin.py:190} INFO - [2026-06-09T18:29:31.076+0000] {dag.py:4138} INFO - Setting next_dagrun for ride_pipeline_monitor to 2026-06-09 17:00:00+00:00, run_after=2026-06-09 18:00:00+00:00
[2026-06-09T18:29:31.102+0000] {processor.py:208} INFO - Processing /opt/airflow/dags/ride_pipeline.py took 0.782 seconds
[2026-06-09T18:30:01.312+0000] {processor.py:186} INFO - Started process (PID=470) to work on /opt/airflow/dags/ride_pipeline.py
[2026-06-09T18:30:01.313+0000] {processor.py:914} INFO - Processing file /opt/airflow/dags/ride_pipeline.py for tasks to queue
[2026-06-09T18:30:01.317+0000] {logging_mixin.py:190} INFO - [2026-06-09T18:30:01.316+0000] {dagbag.py:587} INFO - Filling up the DagBag from /opt/airflow/dags/ride_pipeline.py
[2026-06-09T18:30:02.041+0000] {processor.py:925} INFO - DAG(s) 'ride_pipeline_monitor' retrieved from /opt/airflow/dags/ride_pipeline.py
[2026-06-09T18:30:02.057+0000] {logging_mixin.py:190} INFO - [2026-06-09T18:30:02.057+0000] {dag.py:3211} INFO - Sync 1 DAGs
[2026-06-09T18:30:02.079+0000] {logging_mixin.py:190} INFO - [2026-06-09T18:30:02.079+0000] {dag.py:4138} INFO - Setting next_dagrun for ride_pipeline_monitor to 2026-06-09 17:00:00+00:00, run_after=2026-06-09 18:00:00+00:00
[2026-06-09T18:30:02.102+0000] {processor.py:208} INFO - Processing /opt/airflow/dags/ride_pipeline.py took 0.799 seconds
[2026-06-09T18:30:32.368+0000] {processor.py:186} INFO - Started process (PID=474) to work on /opt/airflow/dags/ride_pipeline.py
[2026-06-09T18:30:32.369+0000] {processor.py:914} INFO - Processing file /opt/airflow/dags/ride_pipeline.py for tasks to queue
[2026-06-09T18:30:32.373+0000] {logging_mixin.py:190} INFO - [2026-06-09T18:30:32.372+0000] {dagbag.py:587} INFO - Filling up the DagBag from /opt/airflow/dags/ride_pipeline.py
[2026-06-09T18:30:33.104+0000] {processor.py:925} INFO - DAG(s) 'ride_pipeline_monitor' retrieved from /opt/airflow/dags/ride_pipeline.py
[2026-06-09T18:30:33.121+0000] {logging_mixin.py:190} INFO - [2026-06-09T18:30:33.121+0000] {dag.py:3211} INFO - Sync 1 DAGs
[2026-06-09T18:30:33.140+0000] {logging_mixin.py:190} INFO - [2026-06-09T18:30:33.140+0000] {dag.py:4138} INFO - Setting next_dagrun for ride_pipeline_monitor to 2026-06-09 17:00:00+00:00, run_after=2026-06-09 18:00:00+00:00
[2026-06-09T18:30:33.161+0000] {processor.py:208} INFO - Processing /opt/airflow/dags/ride_pipeline.py took 0.799 seconds
[2026-06-09T18:31:03.436+0000] {processor.py:186} INFO - Started process (PID=478) to work on /opt/airflow/dags/ride_pipeline.py
[2026-06-09T18:31:03.437+0000] {processor.py:914} INFO - Processing file /opt/airflow/dags/ride_pipeline.py for tasks to queue
[2026-06-09T18:31:03.439+0000] {logging_mixin.py:190} INFO - [2026-06-09T18:31:03.439+0000] {dagbag.py:587} INFO - Filling up the DagBag from /opt/airflow/dags/ride_pipeline.py
[2026-06-09T18:31:04.156+0000] {processor.py:925} INFO - DAG(s) 'ride_pipeline_monitor' retrieved from /opt/airflow/dags/ride_pipeline.py
[2026-06-09T18:31:04.175+0000] {logging_mixin.py:190} INFO - [2026-06-09T18:31:04.175+0000] {dag.py:3211} INFO - Sync 1 DAGs
[2026-06-09T18:31:04.197+0000] {logging_mixin.py:190} INFO - [2026-06-09T18:31:04.197+0000] {dag.py:4138} INFO - Setting next_dagrun for ride_pipeline_monitor to 2026-06-09 17:00:00+00:00, run_after=2026-06-09 18:00:00+00:00
[2026-06-09T18:31:04.224+0000] {processor.py:208} INFO - Processing /opt/airflow/dags/ride_pipeline.py took 0.793 seconds
[2026-06-09T18:31:34.479+0000] {processor.py:186} INFO - Started process (PID=482) to work on /opt/airflow/dags/ride_pipeline.py
[2026-06-09T18:31:34.480+0000] {processor.py:914} INFO - Processing file /opt/airflow/dags/ride_pipeline.py for tasks to queue
[2026-06-09T18:31:34.483+0000] {logging_mixin.py:190} INFO - [2026-06-09T18:31:34.483+0000] {dagbag.py:587} INFO - Filling up the DagBag from /opt/airflow/dags/ride_pipeline.py
[2026-06-09T18:31:35.394+0000] {processor.py:925} INFO - DAG(s) 'ride_pipeline_monitor' retrieved from /opt/airflow/dags/ride_pipeline.py
[2026-06-09T18:31:35.412+0000] {logging_mixin.py:190} INFO - [2026-06-09T18:31:35.411+0000] {dag.py:3211} INFO - Sync 1 DAGs
[2026-06-09T18:31:35.432+0000] {logging_mixin.py:190} INFO - [2026-06-09T18:31:35.431+0000] {dag.py:4138} INFO - Setting next_dagrun for ride_pipeline_monitor to 2026-06-09 17:00:00+00:00, run_after=2026-06-09 18:00:00+00:00
[2026-06-09T18:31:35.455+0000] {processor.py:208} INFO - Processing /opt/airflow/dags/ride_pipeline.py took 0.983 seconds
[2026-06-09T18:32:05.654+0000] {processor.py:186} INFO - Started process (PID=486) to work on /opt/airflow/dags/ride_pipeline.py
[2026-06-09T18:32:05.655+0000] {processor.py:914} INFO - Processing file /opt/airflow/dags/ride_pipeline.py for tasks to queue
[2026-06-09T18:32:05.659+0000] {logging_mixin.py:190} INFO - [2026-06-09T18:32:05.658+0000] {dagbag.py:587} INFO - Filling up the DagBag from /opt/airflow/dags/ride_pipeline.py
[2026-06-09T18:32:06.401+0000] {processor.py:925} INFO - DAG(s) 'ride_pipeline_monitor' retrieved from /opt/airflow/dags/ride_pipeline.py
[2026-06-09T18:32:06.418+0000] {logging_mixin.py:190} INFO - [2026-06-09T18:32:06.417+0000] {dag.py:3211} INFO - Sync 1 DAGs
[2026-06-09T18:32:06.437+0000] {logging_mixin.py:190} INFO - [2026-06-09T18:32:06.437+0000] {dag.py:4138} INFO - Setting next_dagrun for ride_pipeline_monitor to 2026-06-09 17:00:00+00:00, run_after=2026-06-09 18:00:00+00:00
[2026-06-09T18:32:06.462+0000] {processor.py:208} INFO - Processing /opt/airflow/dags/ride_pipeline.py took 0.816 seconds
[2026-06-09T18:32:36.772+0000] {processor.py:186} INFO - Started process (PID=490) to work on /opt/airflow/dags/ride_pipeline.py
[2026-06-09T18:32:36.774+0000] {processor.py:914} INFO - Processing file /opt/airflow/dags/ride_pipeline.py for tasks to queue
[2026-06-09T18:32:36.778+0000] {logging_mixin.py:190} INFO - [2026-06-09T18:32:36.777+0000] {dagbag.py:587} INFO - Filling up the DagBag from /opt/airflow/dags/ride_pipeline.py
[2026-06-09T18:32:37.525+0000] {processor.py:925} INFO - DAG(s) 'ride_pipeline_monitor' retrieved from /opt/airflow/dags/ride_pipeline.py
[2026-06-09T18:32:37.542+0000] {logging_mixin.py:190} INFO - [2026-06-09T18:32:37.542+0000] {dag.py:3211} INFO - Sync 1 DAGs
[2026-06-09T18:32:37.566+0000] {logging_mixin.py:190} INFO - [2026-06-09T18:32:37.565+0000] {dag.py:4138} INFO - Setting next_dagrun for ride_pipeline_monitor to 2026-06-09 17:00:00+00:00, run_after=2026-06-09 18:00:00+00:00
[2026-06-09T18:32:37.591+0000] {processor.py:208} INFO - Processing /opt/airflow/dags/ride_pipeline.py took 0.827 seconds
[2026-06-09T18:33:19.900+0000] {processor.py:186} INFO - Started process (PID=494) to work on /opt/airflow/dags/ride_pipeline.py
[2026-06-09T18:33:19.901+0000] {processor.py:914} INFO - Processing file /opt/airflow/dags/ride_pipeline.py for tasks to queue
[2026-06-09T18:33:19.904+0000] {logging_mixin.py:190} INFO - [2026-06-09T18:33:19.903+0000] {dagbag.py:587} INFO - Filling up the DagBag from /opt/airflow/dags/ride_pipeline.py
[2026-06-09T18:33:20.589+0000] {processor.py:925} INFO - DAG(s) 'ride_pipeline_monitor' retrieved from /opt/airflow/dags/ride_pipeline.py
[2026-06-09T18:33:20.606+0000] {logging_mixin.py:190} INFO - [2026-06-09T18:33:20.606+0000] {dag.py:3211} INFO - Sync 1 DAGs
[2026-06-09T18:33:20.636+0000] {logging_mixin.py:190} INFO - [2026-06-09T18:33:20.636+0000] {dag.py:4138} INFO - Setting next_dagrun for ride_pipeline_monitor to 2026-06-09 17:00:00+00:00, run_after=2026-06-09 18:00:00+00:00
[2026-06-09T18:33:20.666+0000] {processor.py:208} INFO - Processing /opt/airflow/dags/ride_pipeline.py took 0.771 seconds
[2026-06-09T18:33:50.855+0000] {processor.py:186} INFO - Started process (PID=498) to work on /opt/airflow/dags/ride_pipeline.py
[2026-06-09T18:33:50.857+0000] {processor.py:914} INFO - Processing file /opt/airflow/dags/ride_pipeline.py for tasks to queue
[2026-06-09T18:33:50.860+0000] {logging_mixin.py:190} INFO - [2026-06-09T18:33:50.860+0000] {dagbag.py:587} INFO - Filling up the DagBag from /opt/airflow/dags/ride_pipeline.py
[2026-06-09T18:33:51.595+0000] {processor.py:925} INFO - DAG(s) 'ride_pipeline_monitor' retrieved from /opt/airflow/dags/ride_pipeline.py
[2026-06-09T18:33:51.611+0000] {logging_mixin.py:190} INFO - [2026-06-09T18:33:51.611+0000] {dag.py:3211} INFO - Sync 1 DAGs
[2026-06-09T18:33:51.632+0000] {logging_mixin.py:190} INFO - [2026-06-09T18:33:51.632+0000] {dag.py:4138} INFO - Setting next_dagrun for ride_pipeline_monitor to 2026-06-09 17:00:00+00:00, run_after=2026-06-09 18:00:00+00:00
[2026-06-09T18:33:51.655+0000] {processor.py:208} INFO - Processing /opt/airflow/dags/ride_pipeline.py took 0.807 seconds
[2026-06-09T18:34:21.937+0000] {processor.py:186} INFO - Started process (PID=502) to work on /opt/airflow/dags/ride_pipeline.py
[2026-06-09T18:34:21.938+0000] {processor.py:914} INFO - Processing file /opt/airflow/dags/ride_pipeline.py for tasks to queue
[2026-06-09T18:34:21.941+0000] {logging_mixin.py:190} INFO - [2026-06-09T18:34:21.941+0000] {dagbag.py:587} INFO - Filling up the DagBag from /opt/airflow/dags/ride_pipeline.py
[2026-06-09T18:34:22.664+0000] {processor.py:925} INFO - DAG(s) 'ride_pipeline_monitor' retrieved from /opt/airflow/dags/ride_pipeline.py
[2026-06-09T18:34:22.681+0000] {logging_mixin.py:190} INFO - [2026-06-09T18:34:22.680+0000] {dag.py:3211} INFO - Sync 1 DAGs
[2026-06-09T18:34:22.700+0000] {logging_mixin.py:190} INFO - [2026-06-09T18:34:22.700+0000] {dag.py:4138} INFO - Setting next_dagrun for ride_pipeline_monitor to 2026-06-09 17:00:00+00:00, run_after=2026-06-09 18:00:00+00:00
[2026-06-09T18:34:22.725+0000] {processor.py:208} INFO - Processing /opt/airflow/dags/ride_pipeline.py took 0.794 seconds
[2026-06-09T18:34:53.054+0000] {processor.py:186} INFO - Started process (PID=506) to work on /opt/airflow/dags/ride_pipeline.py
[2026-06-09T18:34:53.056+0000] {processor.py:914} INFO - Processing file /opt/airflow/dags/ride_pipeline.py for tasks to queue
[2026-06-09T18:34:53.060+0000] {logging_mixin.py:190} INFO - [2026-06-09T18:34:53.060+0000] {dagbag.py:587} INFO - Filling up the DagBag from /opt/airflow/dags/ride_pipeline.py
[2026-06-09T18:34:53.826+0000] {processor.py:925} INFO - DAG(s) 'ride_pipeline_monitor' retrieved from /opt/airflow/dags/ride_pipeline.py
[2026-06-09T18:34:53.842+0000] {logging_mixin.py:190} INFO - [2026-06-09T18:34:53.841+0000] {dag.py:3211} INFO - Sync 1 DAGs
[2026-06-09T18:34:53.862+0000] {logging_mixin.py:190} INFO - [2026-06-09T18:34:53.862+0000] {dag.py:4138} INFO - Setting next_dagrun for ride_pipeline_monitor to 2026-06-09 17:00:00+00:00, run_after=2026-06-09 18:00:00+00:00
[2026-06-09T18:34:53.884+0000] {processor.py:208} INFO - Processing /opt/airflow/dags/ride_pipeline.py took 0.838 seconds
[2026-06-09T18:35:24.148+0000] {processor.py:186} INFO - Started process (PID=510) to work on /opt/airflow/dags/ride_pipeline.py
[2026-06-09T18:35:24.149+0000] {processor.py:914} INFO - Processing file /opt/airflow/dags/ride_pipeline.py for tasks to queue
[2026-06-09T18:35:24.152+0000] {logging_mixin.py:190} INFO - [2026-06-09T18:35:24.152+0000] {dagbag.py:587} INFO - Filling up the DagBag from /opt/airflow/dags/ride_pipeline.py
[2026-06-09T18:35:24.945+0000] {processor.py:925} INFO - DAG(s) 'ride_pipeline_monitor' retrieved from /opt/airflow/dags/ride_pipeline.py
[2026-06-09T18:35:24.968+0000] {logging_mixin.py:190} INFO - [2026-06-09T18:35:24.967+0000] {dag.py:3211} INFO - Sync 1 DAGs
[2026-06-09T18:35:24.999+0000] {logging_mixin.py:190} INFO - [2026-06-09T18:35:24.998+0000] {dag.py:4138} INFO - Setting next_dagrun for ride_pipeline_monitor to 2026-06-09 17:00:00+00:00, run_after=2026-06-09 18:00:00+00:00
[2026-06-09T18:35:25.031+0000] {processor.py:208} INFO - Processing /opt/airflow/dags/ride_pipeline.py took 0.888 seconds
[2026-06-09T18:35:55.100+0000] {processor.py:186} INFO - Started process (PID=514) to work on /opt/airflow/dags/ride_pipeline.py
[2026-06-09T18:35:55.102+0000] {processor.py:914} INFO - Processing file /opt/airflow/dags/ride_pipeline.py for tasks to queue
[2026-06-09T18:35:55.106+0000] {logging_mixin.py:190} INFO - [2026-06-09T18:35:55.105+0000] {dagbag.py:587} INFO - Filling up the DagBag from /opt/airflow/dags/ride_pipeline.py
[2026-06-09T18:35:55.936+0000] {processor.py:925} INFO - DAG(s) 'ride_pipeline_monitor' retrieved from /opt/airflow/dags/ride_pipeline.py
[2026-06-09T18:35:55.957+0000] {logging_mixin.py:190} INFO - [2026-06-09T18:35:55.956+0000] {dag.py:3211} INFO - Sync 1 DAGs
[2026-06-09T18:35:55.977+0000] {logging_mixin.py:190} INFO - [2026-06-09T18:35:55.977+0000] {dag.py:4138} INFO - Setting next_dagrun for ride_pipeline_monitor to 2026-06-09 17:00:00+00:00, run_after=2026-06-09 18:00:00+00:00
[2026-06-09T18:35:55.999+0000] {processor.py:208} INFO - Processing /opt/airflow/dags/ride_pipeline.py took 0.907 seconds
[2026-06-09T18:36:26.374+0000] {processor.py:186} INFO - Started process (PID=518) to work on /opt/airflow/dags/ride_pipeline.py
[2026-06-09T18:36:26.375+0000] {processor.py:914} INFO - Processing file /opt/airflow/dags/ride_pipeline.py for tasks to queue
[2026-06-09T18:36:26.378+0000] {logging_mixin.py:190} INFO - [2026-06-09T18:36:26.377+0000] {dagbag.py:587} INFO - Filling up the DagBag from /opt/airflow/dags/ride_pipeline.py
[2026-06-09T18:36:27.131+0000] {processor.py:925} INFO - DAG(s) 'ride_pipeline_monitor' retrieved from /opt/airflow/dags/ride_pipeline.py
[2026-06-09T18:36:27.147+0000] {logging_mixin.py:190} INFO - [2026-06-09T18:36:27.147+0000] {dag.py:3211} INFO - Sync 1 DAGs
[2026-06-09T18:36:27.168+0000] {logging_mixin.py:190} INFO - [2026-06-09T18:36:27.167+0000] {dag.py:4138} INFO - Setting next_dagrun for ride_pipeline_monitor to 2026-06-09 17:00:00+00:00, run_after=2026-06-09 18:00:00+00:00
[2026-06-09T18:36:27.189+0000] {processor.py:208} INFO - Processing /opt/airflow/dags/ride_pipeline.py took 0.820 seconds
[2026-06-09T18:36:57.373+0000] {processor.py:186} INFO - Started process (PID=522) to work on /opt/airflow/dags/ride_pipeline.py
[2026-06-09T18:36:57.375+0000] {processor.py:914} INFO - Processing file /opt/airflow/dags/ride_pipeline.py for tasks to queue
[2026-06-09T18:36:57.379+0000] {logging_mixin.py:190} INFO - [2026-06-09T18:36:57.378+0000] {dagbag.py:587} INFO - Filling up the DagBag from /opt/airflow/dags/ride_pipeline.py
[2026-06-09T18:36:58.183+0000] {processor.py:925} INFO - DAG(s) 'ride_pipeline_monitor' retrieved from /opt/airflow/dags/ride_pipeline.py
[2026-06-09T18:36:58.204+0000] {logging_mixin.py:190} INFO - [2026-06-09T18:36:58.204+0000] {dag.py:3211} INFO - Sync 1 DAGs
[2026-06-09T18:36:58.231+0000] {logging_mixin.py:190} INFO - [2026-06-09T18:36:58.231+0000] {dag.py:4138} INFO - Setting next_dagrun for ride_pipeline_monitor to 2026-06-09 17:00:00+00:00, run_after=2026-06-09 18:00:00+00:00
[2026-06-09T18:36:58.258+0000] {processor.py:208} INFO - Processing /opt/airflow/dags/ride_pipeline.py took 0.893 seconds
[2026-06-09T18:37:28.572+0000] {processor.py:186} INFO - Started process (PID=526) to work on /opt/airflow/dags/ride_pipeline.py
[2026-06-09T18:37:28.573+0000] {processor.py:914} INFO - Processing file /opt/airflow/dags/ride_pipeline.py for tasks to queue
[2026-06-09T18:37:28.576+0000] {logging_mixin.py:190} INFO - [2026-06-09T18:37:28.575+0000] {dagbag.py:587} INFO - Filling up the DagBag from /opt/airflow/dags/ride_pipeline.py
[2026-06-09T18:37:29.287+0000] {processor.py:925} INFO - DAG(s) 'ride_pipeline_monitor' retrieved from /opt/airflow/dags/ride_pipeline.py
[2026-06-09T18:37:29.304+0000] {logging_mixin.py:190} INFO - [2026-06-09T18:37:29.304+0000] {dag.py:3211} INFO - Sync 1 DAGs
[2026-06-09T18:37:29.325+0000] {logging_mixin.py:190} INFO - [2026-06-09T18:37:29.325+0000] {dag.py:4138} INFO - Setting next_dagrun for ride_pipeline_monitor to 2026-06-09 17:00:00+00:00, run_after=2026-06-09 18:00:00+00:00
[2026-06-09T18:37:29.347+0000] {processor.py:208} INFO - Processing /opt/airflow/dags/ride_pipeline.py took 0.781 seconds
[2026-06-09T18:37:59.518+0000] {processor.py:186} INFO - Started process (PID=530) to work on /opt/airflow/dags/ride_pipeline.py
[2026-06-09T18:37:59.520+0000] {processor.py:914} INFO - Processing file /opt/airflow/dags/ride_pipeline.py for tasks to queue
[2026-06-09T18:37:59.523+0000] {logging_mixin.py:190} INFO - [2026-06-09T18:37:59.523+0000] {dagbag.py:587} INFO - Filling up the DagBag from /opt/airflow/dags/ride_pipeline.py
[2026-06-09T18:38:00.277+0000] {processor.py:925} INFO - DAG(s) 'ride_pipeline_monitor' retrieved from /opt/airflow/dags/ride_pipeline.py
[2026-06-09T18:38:00.292+0000] {logging_mixin.py:190} INFO - [2026-06-09T18:38:00.292+0000] {dag.py:3211} INFO - Sync 1 DAGs
[2026-06-09T18:38:00.312+0000] {logging_mixin.py:190} INFO - [2026-06-09T18:38:00.312+0000] {dag.py:4138} INFO - Setting next_dagrun for ride_pipeline_monitor to 2026-06-09 17:00:00+00:00, run_after=2026-06-09 18:00:00+00:00
[2026-06-09T18:38:00.337+0000] {processor.py:208} INFO - Processing /opt/airflow/dags/ride_pipeline.py took 0.826 seconds
[2026-06-09T18:38:30.593+0000] {processor.py:186} INFO - Started process (PID=534) to work on /opt/airflow/dags/ride_pipeline.py
[2026-06-09T18:38:30.595+0000] {processor.py:914} INFO - Processing file /opt/airflow/dags/ride_pipeline.py for tasks to queue
[2026-06-09T18:38:30.597+0000] {logging_mixin.py:190} INFO - [2026-06-09T18:38:30.597+0000] {dagbag.py:587} INFO - Filling up the DagBag from /opt/airflow/dags/ride_pipeline.py
[2026-06-09T18:38:31.288+0000] {processor.py:925} INFO - DAG(s) 'ride_pipeline_monitor' retrieved from /opt/airflow/dags/ride_pipeline.py
[2026-06-09T18:38:31.303+0000] {logging_mixin.py:190} INFO - [2026-06-09T18:38:31.303+0000] {dag.py:3211} INFO - Sync 1 DAGs
[2026-06-09T18:38:31.322+0000] {logging_mixin.py:190} INFO - [2026-06-09T18:38:31.322+0000] {dag.py:4138} INFO - Setting next_dagrun for ride_pipeline_monitor to 2026-06-09 17:00:00+00:00, run_after=2026-06-09 18:00:00+00:00
[2026-06-09T18:38:31.345+0000] {processor.py:208} INFO - Processing /opt/airflow/dags/ride_pipeline.py took 0.758 seconds
[2026-06-09T18:39:05.814+0000] {processor.py:186} INFO - Started process (PID=538) to work on /opt/airflow/dags/ride_pipeline.py
[2026-06-09T18:39:05.815+0000] {processor.py:914} INFO - Processing file /opt/airflow/dags/ride_pipeline.py for tasks to queue
[2026-06-09T18:39:05.818+0000] {logging_mixin.py:190} INFO - [2026-06-09T18:39:05.818+0000] {dagbag.py:587} INFO - Filling up the DagBag from /opt/airflow/dags/ride_pipeline.py
[2026-06-09T18:39:06.557+0000] {processor.py:925} INFO - DAG(s) 'ride_pipeline_monitor' retrieved from /opt/airflow/dags/ride_pipeline.py
[2026-06-09T18:39:06.575+0000] {logging_mixin.py:190} INFO - [2026-06-09T18:39:06.575+0000] {dag.py:3211} INFO - Sync 1 DAGs
[2026-06-09T18:39:06.597+0000] {logging_mixin.py:190} INFO - [2026-06-09T18:39:06.597+0000] {dag.py:4138} INFO - Setting next_dagrun for ride_pipeline_monitor to 2026-06-09 17:00:00+00:00, run_after=2026-06-09 18:00:00+00:00
[2026-06-09T18:39:06.620+0000] {processor.py:208} INFO - Processing /opt/airflow/dags/ride_pipeline.py took 0.813 seconds
[2026-06-09T18:39:37.081+0000] {processor.py:186} INFO - Started process (PID=542) to work on /opt/airflow/dags/ride_pipeline.py
[2026-06-09T18:39:37.082+0000] {processor.py:914} INFO - Processing file /opt/airflow/dags/ride_pipeline.py for tasks to queue
[2026-06-09T18:39:37.086+0000] {logging_mixin.py:190} INFO - [2026-06-09T18:39:37.085+0000] {dagbag.py:587} INFO - Filling up the DagBag from /opt/airflow/dags/ride_pipeline.py
[2026-06-09T18:39:37.806+0000] {processor.py:925} INFO - DAG(s) 'ride_pipeline_monitor' retrieved from /opt/airflow/dags/ride_pipeline.py
[2026-06-09T18:39:37.821+0000] {logging_mixin.py:190} INFO - [2026-06-09T18:39:37.821+0000] {dag.py:3211} INFO - Sync 1 DAGs
[2026-06-09T18:39:37.843+0000] {logging_mixin.py:190} INFO - [2026-06-09T18:39:37.843+0000] {dag.py:4138} INFO - Setting next_dagrun for ride_pipeline_monitor to 2026-06-09 17:00:00+00:00, run_after=2026-06-09 18:00:00+00:00
[2026-06-09T18:39:37.864+0000] {processor.py:208} INFO - Processing /opt/airflow/dags/ride_pipeline.py took 0.789 seconds
[2026-06-09T18:40:08.496+0000] {processor.py:186} INFO - Started process (PID=546) to work on /opt/airflow/dags/ride_pipeline.py
[2026-06-09T18:40:08.497+0000] {processor.py:914} INFO - Processing file /opt/airflow/dags/ride_pipeline.py for tasks to queue
[2026-06-09T18:40:08.499+0000] {logging_mixin.py:190} INFO - [2026-06-09T18:40:08.499+0000] {dagbag.py:587} INFO - Filling up the DagBag from /opt/airflow/dags/ride_pipeline.py
[2026-06-09T18:40:09.206+0000] {processor.py:925} INFO - DAG(s) 'ride_pipeline_monitor' retrieved from /opt/airflow/dags/ride_pipeline.py
[2026-06-09T18:40:09.225+0000] {logging_mixin.py:190} INFO - [2026-06-09T18:40:09.225+0000] {dag.py:3211} INFO - Sync 1 DAGs
[2026-06-09T18:40:09.246+0000] {logging_mixin.py:190} INFO - [2026-06-09T18:40:09.246+0000] {dag.py:4138} INFO - Setting next_dagrun for ride_pipeline_monitor to 2026-06-09 17:00:00+00:00, run_after=2026-06-09 18:00:00+00:00
[2026-06-09T18:40:09.270+0000] {processor.py:208} INFO - Processing /opt/airflow/dags/ride_pipeline.py took 0.780 seconds
[2026-06-09T18:40:39.872+0000] {processor.py:186} INFO - Started process (PID=550) to work on /opt/airflow/dags/ride_pipeline.py
[2026-06-09T18:40:39.873+0000] {processor.py:914} INFO - Processing file /opt/airflow/dags/ride_pipeline.py for tasks to queue
[2026-06-09T18:40:39.877+0000] {logging_mixin.py:190} INFO - [2026-06-09T18:40:39.876+0000] {dagbag.py:587} INFO - Filling up the DagBag from /opt/airflow/dags/ride_pipeline.py
[2026-06-09T18:40:40.735+0000] {processor.py:925} INFO - DAG(s) 'ride_pipeline_monitor' retrieved from /opt/airflow/dags/ride_pipeline.py
[2026-06-09T18:40:40.756+0000] {logging_mixin.py:190} INFO - [2026-06-09T18:40:40.756+0000] {dag.py:3211} INFO - Sync 1 DAGs
[2026-06-09T18:40:40.779+0000] {logging_mixin.py:190} INFO - [2026-06-09T18:40:40.779+0000] {dag.py:4138} INFO - Setting next_dagrun for ride_pipeline_monitor to 2026-06-09 17:00:00+00:00, run_after=2026-06-09 18:00:00+00:00
[2026-06-09T18:40:40.803+0000] {processor.py:208} INFO - Processing /opt/airflow/dags/ride_pipeline.py took 0.937 seconds
[2026-06-09T18:41:11.080+0000] {processor.py:186} INFO - Started process (PID=554) to work on /opt/airflow/dags/ride_pipeline.py
[2026-06-09T18:41:11.081+0000] {processor.py:914} INFO - Processing file /opt/airflow/dags/ride_pipeline.py for tasks to queue
[2026-06-09T18:41:11.084+0000] {logging_mixin.py:190} INFO - [2026-06-09T18:41:11.084+0000] {dagbag.py:587} INFO - Filling up the DagBag from /opt/airflow/dags/ride_pipeline.py
[2026-06-09T18:41:11.779+0000] {processor.py:925} INFO - DAG(s) 'ride_pipeline_monitor' retrieved from /opt/airflow/dags/ride_pipeline.py
[2026-06-09T18:41:11.797+0000] {logging_mixin.py:190} INFO - [2026-06-09T18:41:11.796+0000] {dag.py:3211} INFO - Sync 1 DAGs
[2026-06-09T18:41:11.817+0000] {logging_mixin.py:190} INFO - [2026-06-09T18:41:11.816+0000] {dag.py:4138} INFO - Setting next_dagrun for ride_pipeline_monitor to 2026-06-09 17:00:00+00:00, run_after=2026-06-09 18:00:00+00:00
[2026-06-09T18:41:11.839+0000] {processor.py:208} INFO - Processing /opt/airflow/dags/ride_pipeline.py took 0.766 seconds
[2026-06-09T18:41:42.091+0000] {processor.py:186} INFO - Started process (PID=558) to work on /opt/airflow/dags/ride_pipeline.py
[2026-06-09T18:41:42.092+0000] {processor.py:914} INFO - Processing file /opt/airflow/dags/ride_pipeline.py for tasks to queue
[2026-06-09T18:41:42.095+0000] {logging_mixin.py:190} INFO - [2026-06-09T18:41:42.094+0000] {dagbag.py:587} INFO - Filling up the DagBag from /opt/airflow/dags/ride_pipeline.py
[2026-06-09T18:41:42.904+0000] {processor.py:925} INFO - DAG(s) 'ride_pipeline_monitor' retrieved from /opt/airflow/dags/ride_pipeline.py
[2026-06-09T18:41:42.920+0000] {logging_mixin.py:190} INFO - [2026-06-09T18:41:42.919+0000] {dag.py:3211} INFO - Sync 1 DAGs
[2026-06-09T18:41:42.941+0000] {logging_mixin.py:190} INFO - [2026-06-09T18:41:42.941+0000] {dag.py:4138} INFO - Setting next_dagrun for ride_pipeline_monitor to 2026-06-09 17:00:00+00:00, run_after=2026-06-09 18:00:00+00:00
[2026-06-09T18:41:42.963+0000] {processor.py:208} INFO - Processing /opt/airflow/dags/ride_pipeline.py took 0.879 seconds
[2026-06-09T18:42:13.184+0000] {processor.py:186} INFO - Started process (PID=562) to work on /opt/airflow/dags/ride_pipeline.py
[2026-06-09T18:42:13.185+0000] {processor.py:914} INFO - Processing file /opt/airflow/dags/ride_pipeline.py for tasks to queue
[2026-06-09T18:42:13.187+0000] {logging_mixin.py:190} INFO - [2026-06-09T18:42:13.187+0000] {dagbag.py:587} INFO - Filling up the DagBag from /opt/airflow/dags/ride_pipeline.py
[2026-06-09T18:42:13.911+0000] {processor.py:925} INFO - DAG(s) 'ride_pipeline_monitor' retrieved from /opt/airflow/dags/ride_pipeline.py
[2026-06-09T18:42:13.927+0000] {logging_mixin.py:190} INFO - [2026-06-09T18:42:13.927+0000] {dag.py:3211} INFO - Sync 1 DAGs
[2026-06-09T18:42:13.947+0000] {logging_mixin.py:190} INFO - [2026-06-09T18:42:13.947+0000] {dag.py:4138} INFO - Setting next_dagrun for ride_pipeline_monitor to 2026-06-09 17:00:00+00:00, run_after=2026-06-09 18:00:00+00:00
[2026-06-09T18:42:13.970+0000] {processor.py:208} INFO - Processing /opt/airflow/dags/ride_pipeline.py took 0.793 seconds
[2026-06-09T18:42:44.311+0000] {processor.py:186} INFO - Started process (PID=566) to work on /opt/airflow/dags/ride_pipeline.py
[2026-06-09T18:42:44.313+0000] {processor.py:914} INFO - Processing file /opt/airflow/dags/ride_pipeline.py for tasks to queue
[2026-06-09T18:42:44.315+0000] {logging_mixin.py:190} INFO - [2026-06-09T18:42:44.315+0000] {dagbag.py:587} INFO - Filling up the DagBag from /opt/airflow/dags/ride_pipeline.py
[2026-06-09T18:42:45.046+0000] {processor.py:925} INFO - DAG(s) 'ride_pipeline_monitor' retrieved from /opt/airflow/dags/ride_pipeline.py
[2026-06-09T18:42:45.063+0000] {logging_mixin.py:190} INFO - [2026-06-09T18:42:45.062+0000] {dag.py:3211} INFO - Sync 1 DAGs
[2026-06-09T18:42:45.083+0000] {logging_mixin.py:190} INFO - [2026-06-09T18:42:45.083+0000] {dag.py:4138} INFO - Setting next_dagrun for ride_pipeline_monitor to 2026-06-09 17:00:00+00:00, run_after=2026-06-09 18:00:00+00:00
[2026-06-09T18:42:45.107+0000] {processor.py:208} INFO - Processing /opt/airflow/dags/ride_pipeline.py took 0.756 seconds
[2026-06-09T18:43:15.338+0000] {processor.py:186} INFO - Started process (PID=570) to work on /opt/airflow/dags/ride_pipeline.py
[2026-06-09T18:43:15.339+0000] {processor.py:914} INFO - Processing file /opt/airflow/dags/ride_pipeline.py for tasks to queue
[2026-06-09T18:43:15.342+0000] {logging_mixin.py:190} INFO - [2026-06-09T18:43:15.341+0000] {dagbag.py:587} INFO - Filling up the DagBag from /opt/airflow/dags/ride_pipeline.py
[2026-06-09T18:43:16.036+0000] {processor.py:925} INFO - DAG(s) 'ride_pipeline_monitor' retrieved from /opt/airflow/dags/ride_pipeline.py
[2026-06-09T18:43:16.053+0000] {logging_mixin.py:190} INFO - [2026-06-09T18:43:16.053+0000] {dag.py:3211} INFO - Sync 1 DAGs
[2026-06-09T18:43:16.075+0000] {logging_mixin.py:190} INFO - [2026-06-09T18:43:16.075+0000] {dag.py:4138} INFO - Setting next_dagrun for ride_pipeline_monitor to 2026-06-09 17:00:00+00:00, run_after=2026-06-09 18:00:00+00:00
[2026-06-09T18:43:16.100+0000] {processor.py:208} INFO - Processing /opt/airflow/dags/ride_pipeline.py took 0.768 seconds
[2026-06-09T18:43:46.341+0000] {processor.py:186} INFO - Started process (PID=574) to work on /opt/airflow/dags/ride_pipeline.py
[2026-06-09T18:43:46.343+0000] {processor.py:914} INFO - Processing file /opt/airflow/dags/ride_pipeline.py for tasks to queue
[2026-06-09T18:43:46.345+0000] {logging_mixin.py:190} INFO - [2026-06-09T18:43:46.345+0000] {dagbag.py:587} INFO - Filling up the DagBag from /opt/airflow/dags/ride_pipeline.py
[2026-06-09T18:43:47.012+0000] {processor.py:925} INFO - DAG(s) 'ride_pipeline_monitor' retrieved from /opt/airflow/dags/ride_pipeline.py
[2026-06-09T18:43:47.032+0000] {logging_mixin.py:190} INFO - [2026-06-09T18:43:47.032+0000] {dag.py:3211} INFO - Sync 1 DAGs
[2026-06-09T18:43:47.057+0000] {logging_mixin.py:190} INFO - [2026-06-09T18:43:47.057+0000] {dag.py:4138} INFO - Setting next_dagrun for ride_pipeline_monitor to 2026-06-09 17:00:00+00:00, run_after=2026-06-09 18:00:00+00:00
[2026-06-09T18:43:47.084+0000] {processor.py:208} INFO - Processing /opt/airflow/dags/ride_pipeline.py took 0.749 seconds
[2026-06-09T18:44:26.081+0000] {processor.py:186} INFO - Started process (PID=578) to work on /opt/airflow/dags/ride_pipeline.py
[2026-06-09T18:44:26.082+0000] {processor.py:914} INFO - Processing file /opt/airflow/dags/ride_pipeline.py for tasks to queue
[2026-06-09T18:44:26.085+0000] {logging_mixin.py:190} INFO - [2026-06-09T18:44:26.085+0000] {dagbag.py:587} INFO - Filling up the DagBag from /opt/airflow/dags/ride_pipeline.py
[2026-06-09T18:44:26.752+0000] {processor.py:925} INFO - DAG(s) 'ride_pipeline_monitor' retrieved from /opt/airflow/dags/ride_pipeline.py
[2026-06-09T18:44:26.769+0000] {logging_mixin.py:190} INFO - [2026-06-09T18:44:26.768+0000] {dag.py:3211} INFO - Sync 1 DAGs
[2026-06-09T18:44:26.788+0000] {logging_mixin.py:190} INFO - [2026-06-09T18:44:26.788+0000] {dag.py:4138} INFO - Setting next_dagrun for ride_pipeline_monitor to 2026-06-09 17:00:00+00:00, run_after=2026-06-09 18:00:00+00:00
[2026-06-09T18:44:26.812+0000] {processor.py:208} INFO - Processing /opt/airflow/dags/ride_pipeline.py took 0.737 seconds
[2026-06-09T18:44:57.466+0000] {processor.py:186} INFO - Started process (PID=582) to work on /opt/airflow/dags/ride_pipeline.py
[2026-06-09T18:44:57.467+0000] {processor.py:914} INFO - Processing file /opt/airflow/dags/ride_pipeline.py for tasks to queue
[2026-06-09T18:44:57.470+0000] {logging_mixin.py:190} INFO - [2026-06-09T18:44:57.470+0000] {dagbag.py:587} INFO - Filling up the DagBag from /opt/airflow/dags/ride_pipeline.py
[2026-06-09T18:44:58.198+0000] {processor.py:925} INFO - DAG(s) 'ride_pipeline_monitor' retrieved from /opt/airflow/dags/ride_pipeline.py
[2026-06-09T18:44:58.215+0000] {logging_mixin.py:190} INFO - [2026-06-09T18:44:58.214+0000] {dag.py:3211} INFO - Sync 1 DAGs
[2026-06-09T18:44:58.234+0000] {logging_mixin.py:190} INFO - [2026-06-09T18:44:58.234+0000] {dag.py:4138} INFO - Setting next_dagrun for ride_pipeline_monitor to 2026-06-09 17:00:00+00:00, run_after=2026-06-09 18:00:00+00:00
[2026-06-09T18:44:58.256+0000] {processor.py:208} INFO - Processing /opt/airflow/dags/ride_pipeline.py took 0.797 seconds
[2026-06-09T18:45:28.523+0000] {processor.py:186} INFO - Started process (PID=586) to work on /opt/airflow/dags/ride_pipeline.py
[2026-06-09T18:45:28.524+0000] {processor.py:914} INFO - Processing file /opt/airflow/dags/ride_pipeline.py for tasks to queue
[2026-06-09T18:45:28.527+0000] {logging_mixin.py:190} INFO - [2026-06-09T18:45:28.527+0000] {dagbag.py:587} INFO - Filling up the DagBag from /opt/airflow/dags/ride_pipeline.py
[2026-06-09T18:45:29.229+0000] {processor.py:925} INFO - DAG(s) 'ride_pipeline_monitor' retrieved from /opt/airflow/dags/ride_pipeline.py
[2026-06-09T18:45:29.247+0000] {logging_mixin.py:190} INFO - [2026-06-09T18:45:29.247+0000] {dag.py:3211} INFO - Sync 1 DAGs
[2026-06-09T18:45:29.267+0000] {logging_mixin.py:190} INFO - [2026-06-09T18:45:29.267+0000] {dag.py:4138} INFO - Setting next_dagrun for ride_pipeline_monitor to 2026-06-09 17:00:00+00:00, run_after=2026-06-09 18:00:00+00:00
[2026-06-09T18:45:29.294+0000] {processor.py:208} INFO - Processing /opt/airflow/dags/ride_pipeline.py took 0.777 seconds
[2026-06-09T18:45:59.538+0000] {processor.py:186} INFO - Started process (PID=590) to work on /opt/airflow/dags/ride_pipeline.py
[2026-06-09T18:45:59.539+0000] {processor.py:914} INFO - Processing file /opt/airflow/dags/ride_pipeline.py for tasks to queue
[2026-06-09T18:45:59.542+0000] {logging_mixin.py:190} INFO - [2026-06-09T18:45:59.542+0000] {dagbag.py:587} INFO - Filling up the DagBag from /opt/airflow/dags/ride_pipeline.py
[2026-06-09T18:46:00.260+0000] {processor.py:925} INFO - DAG(s) 'ride_pipeline_monitor' retrieved from /opt/airflow/dags/ride_pipeline.py
[2026-06-09T18:46:00.277+0000] {logging_mixin.py:190} INFO - [2026-06-09T18:46:00.276+0000] {dag.py:3211} INFO - Sync 1 DAGs
[2026-06-09T18:46:00.296+0000] {logging_mixin.py:190} INFO - [2026-06-09T18:46:00.296+0000] {dag.py:4138} INFO - Setting next_dagrun for ride_pipeline_monitor to 2026-06-09 17:00:00+00:00, run_after=2026-06-09 18:00:00+00:00
[2026-06-09T18:46:00.321+0000] {processor.py:208} INFO - Processing /opt/airflow/dags/ride_pipeline.py took 0.788 seconds
[2026-06-09T18:46:30.535+0000] {processor.py:186} INFO - Started process (PID=594) to work on /opt/airflow/dags/ride_pipeline.py
[2026-06-09T18:46:30.536+0000] {processor.py:914} INFO - Processing file /opt/airflow/dags/ride_pipeline.py for tasks to queue
[2026-06-09T18:46:30.539+0000] {logging_mixin.py:190} INFO - [2026-06-09T18:46:30.539+0000] {dagbag.py:587} INFO - Filling up the DagBag from /opt/airflow/dags/ride_pipeline.py
[2026-06-09T18:46:31.311+0000] {processor.py:925} INFO - DAG(s) 'ride_pipeline_monitor' retrieved from /opt/airflow/dags/ride_pipeline.py
[2026-06-09T18:46:31.326+0000] {logging_mixin.py:190} INFO - [2026-06-09T18:46:31.326+0000] {dag.py:3211} INFO - Sync 1 DAGs
[2026-06-09T18:46:31.347+0000] {logging_mixin.py:190} INFO - [2026-06-09T18:46:31.347+0000] {dag.py:4138} INFO - Setting next_dagrun for ride_pipeline_monitor to 2026-06-09 17:00:00+00:00, run_after=2026-06-09 18:00:00+00:00
[2026-06-09T18:46:31.370+0000] {processor.py:208} INFO - Processing /opt/airflow/dags/ride_pipeline.py took 0.841 seconds
[2026-06-09T18:47:01.624+0000] {processor.py:186} INFO - Started process (PID=598) to work on /opt/airflow/dags/ride_pipeline.py
[2026-06-09T18:47:01.625+0000] {processor.py:914} INFO - Processing file /opt/airflow/dags/ride_pipeline.py for tasks to queue
[2026-06-09T18:47:01.628+0000] {logging_mixin.py:190} INFO - [2026-06-09T18:47:01.628+0000] {dagbag.py:587} INFO - Filling up the DagBag from /opt/airflow/dags/ride_pipeline.py
[2026-06-09T18:47:02.356+0000] {processor.py:925} INFO - DAG(s) 'ride_pipeline_monitor' retrieved from /opt/airflow/dags/ride_pipeline.py
[2026-06-09T18:47:02.371+0000] {logging_mixin.py:190} INFO - [2026-06-09T18:47:02.370+0000] {dag.py:3211} INFO - Sync 1 DAGs
[2026-06-09T18:47:02.391+0000] {logging_mixin.py:190} INFO - [2026-06-09T18:47:02.390+0000] {dag.py:4138} INFO - Setting next_dagrun for ride_pipeline_monitor to 2026-06-09 17:00:00+00:00, run_after=2026-06-09 18:00:00+00:00
[2026-06-09T18:47:02.414+0000] {processor.py:208} INFO - Processing /opt/airflow/dags/ride_pipeline.py took 0.796 seconds
[2026-06-09T18:47:32.741+0000] {processor.py:186} INFO - Started process (PID=602) to work on /opt/airflow/dags/ride_pipeline.py
[2026-06-09T18:47:32.742+0000] {processor.py:914} INFO - Processing file /opt/airflow/dags/ride_pipeline.py for tasks to queue
[2026-06-09T18:47:32.744+0000] {logging_mixin.py:190} INFO - [2026-06-09T18:47:32.744+0000] {dagbag.py:587} INFO - Filling up the DagBag from /opt/airflow/dags/ride_pipeline.py
[2026-06-09T18:47:33.615+0000] {processor.py:925} INFO - DAG(s) 'ride_pipeline_monitor' retrieved from /opt/airflow/dags/ride_pipeline.py
[2026-06-09T18:47:33.630+0000] {logging_mixin.py:190} INFO - [2026-06-09T18:47:33.629+0000] {dag.py:3211} INFO - Sync 1 DAGs
[2026-06-09T18:47:33.650+0000] {logging_mixin.py:190} INFO - [2026-06-09T18:47:33.650+0000] {dag.py:4138} INFO - Setting next_dagrun for ride_pipeline_monitor to 2026-06-09 17:00:00+00:00, run_after=2026-06-09 18:00:00+00:00
[2026-06-09T18:47:33.674+0000] {processor.py:208} INFO - Processing /opt/airflow/dags/ride_pipeline.py took 0.940 seconds
[2026-06-09T18:48:03.952+0000] {processor.py:186} INFO - Started process (PID=606) to work on /opt/airflow/dags/ride_pipeline.py
[2026-06-09T18:48:03.956+0000] {processor.py:914} INFO - Processing file /opt/airflow/dags/ride_pipeline.py for tasks to queue
[2026-06-09T18:48:03.961+0000] {logging_mixin.py:190} INFO - [2026-06-09T18:48:03.961+0000] {dagbag.py:587} INFO - Filling up the DagBag from /opt/airflow/dags/ride_pipeline.py
[2026-06-09T18:48:04.936+0000] {processor.py:925} INFO - DAG(s) 'ride_pipeline_monitor' retrieved from /opt/airflow/dags/ride_pipeline.py
[2026-06-09T18:48:04.952+0000] {logging_mixin.py:190} INFO - [2026-06-09T18:48:04.952+0000] {dag.py:3211} INFO - Sync 1 DAGs
[2026-06-09T18:48:04.973+0000] {logging_mixin.py:190} INFO - [2026-06-09T18:48:04.973+0000] {dag.py:4138} INFO - Setting next_dagrun for ride_pipeline_monitor to 2026-06-09 17:00:00+00:00, run_after=2026-06-09 18:00:00+00:00
[2026-06-09T18:48:05.000+0000] {processor.py:208} INFO - Processing /opt/airflow/dags/ride_pipeline.py took 1.057 seconds
[2026-06-09T18:48:35.235+0000] {processor.py:186} INFO - Started process (PID=610) to work on /opt/airflow/dags/ride_pipeline.py
[2026-06-09T18:48:35.237+0000] {processor.py:914} INFO - Processing file /opt/airflow/dags/ride_pipeline.py for tasks to queue
[2026-06-09T18:48:35.239+0000] {logging_mixin.py:190} INFO - [2026-06-09T18:48:35.239+0000] {dagbag.py:587} INFO - Filling up the DagBag from /opt/airflow/dags/ride_pipeline.py
[2026-06-09T18:48:35.995+0000] {processor.py:925} INFO - DAG(s) 'ride_pipeline_monitor' retrieved from /opt/airflow/dags/ride_pipeline.py
[2026-06-09T18:48:36.020+0000] {logging_mixin.py:190} INFO - [2026-06-09T18:48:36.019+0000] {dag.py:3211} INFO - Sync 1 DAGs
[2026-06-09T18:48:36.050+0000] {logging_mixin.py:190} INFO - [2026-06-09T18:48:36.050+0000] {dag.py:4138} INFO - Setting next_dagrun for ride_pipeline_monitor to 2026-06-09 17:00:00+00:00, run_after=2026-06-09 18:00:00+00:00
[2026-06-09T18:48:36.076+0000] {processor.py:208} INFO - Processing /opt/airflow/dags/ride_pipeline.py took 0.846 seconds
[2026-06-09T18:49:06.315+0000] {processor.py:186} INFO - Started process (PID=614) to work on /opt/airflow/dags/ride_pipeline.py
[2026-06-09T18:49:06.317+0000] {processor.py:914} INFO - Processing file /opt/airflow/dags/ride_pipeline.py for tasks to queue
[2026-06-09T18:49:06.324+0000] {logging_mixin.py:190} INFO - [2026-06-09T18:49:06.324+0000] {dagbag.py:587} INFO - Filling up the DagBag from /opt/airflow/dags/ride_pipeline.py
[2026-06-09T18:49:07.169+0000] {processor.py:925} INFO - DAG(s) 'ride_pipeline_monitor' retrieved from /opt/airflow/dags/ride_pipeline.py
[2026-06-09T18:49:07.193+0000] {logging_mixin.py:190} INFO - [2026-06-09T18:49:07.192+0000] {dag.py:3211} INFO - Sync 1 DAGs
[2026-06-09T18:49:07.219+0000] {logging_mixin.py:190} INFO - [2026-06-09T18:49:07.219+0000] {dag.py:4138} INFO - Setting next_dagrun for ride_pipeline_monitor to 2026-06-09 17:00:00+00:00, run_after=2026-06-09 18:00:00+00:00
[2026-06-09T18:49:07.241+0000] {processor.py:208} INFO - Processing /opt/airflow/dags/ride_pipeline.py took 0.934 seconds
[2026-06-09T18:49:37.485+0000] {processor.py:186} INFO - Started process (PID=618) to work on /opt/airflow/dags/ride_pipeline.py
[2026-06-09T18:49:37.487+0000] {processor.py:914} INFO - Processing file /opt/airflow/dags/ride_pipeline.py for tasks to queue
[2026-06-09T18:49:37.490+0000] {logging_mixin.py:190} INFO - [2026-06-09T18:49:37.489+0000] {dagbag.py:587} INFO - Filling up the DagBag from /opt/airflow/dags/ride_pipeline.py
[2026-06-09T18:49:38.214+0000] {processor.py:925} INFO - DAG(s) 'ride_pipeline_monitor' retrieved from /opt/airflow/dags/ride_pipeline.py
[2026-06-09T18:49:38.230+0000] {logging_mixin.py:190} INFO - [2026-06-09T18:49:38.229+0000] {dag.py:3211} INFO - Sync 1 DAGs
[2026-06-09T18:49:38.249+0000] {logging_mixin.py:190} INFO - [2026-06-09T18:49:38.249+0000] {dag.py:4138} INFO - Setting next_dagrun for ride_pipeline_monitor to 2026-06-09 17:00:00+00:00, run_after=2026-06-09 18:00:00+00:00
[2026-06-09T18:49:38.272+0000] {processor.py:208} INFO - Processing /opt/airflow/dags/ride_pipeline.py took 0.792 seconds
[2026-06-09T18:50:08.545+0000] {processor.py:186} INFO - Started process (PID=622) to work on /opt/airflow/dags/ride_pipeline.py
[2026-06-09T18:50:08.546+0000] {processor.py:914} INFO - Processing file /opt/airflow/dags/ride_pipeline.py for tasks to queue
[2026-06-09T18:50:08.549+0000] {logging_mixin.py:190} INFO - [2026-06-09T18:50:08.549+0000] {dagbag.py:587} INFO - Filling up the DagBag from /opt/airflow/dags/ride_pipeline.py
[2026-06-09T18:50:09.256+0000] {processor.py:925} INFO - DAG(s) 'ride_pipeline_monitor' retrieved from /opt/airflow/dags/ride_pipeline.py
[2026-06-09T18:50:09.273+0000] {logging_mixin.py:190} INFO - [2026-06-09T18:50:09.273+0000] {dag.py:3211} INFO - Sync 1 DAGs
[2026-06-09T18:50:09.294+0000] {logging_mixin.py:190} INFO - [2026-06-09T18:50:09.294+0000] {dag.py:4138} INFO - Setting next_dagrun for ride_pipeline_monitor to 2026-06-09 17:00:00+00:00, run_after=2026-06-09 18:00:00+00:00
[2026-06-09T18:50:09.317+0000] {processor.py:208} INFO - Processing /opt/airflow/dags/ride_pipeline.py took 0.778 seconds
[2026-06-09T18:50:39.498+0000] {processor.py:186} INFO - Started process (PID=626) to work on /opt/airflow/dags/ride_pipeline.py
[2026-06-09T18:50:39.500+0000] {processor.py:914} INFO - Processing file /opt/airflow/dags/ride_pipeline.py for tasks to queue
[2026-06-09T18:50:39.503+0000] {logging_mixin.py:190} INFO - [2026-06-09T18:50:39.503+0000] {dagbag.py:587} INFO - Filling up the DagBag from /opt/airflow/dags/ride_pipeline.py
[2026-06-09T18:50:40.204+0000] {processor.py:925} INFO - DAG(s) 'ride_pipeline_monitor' retrieved from /opt/airflow/dags/ride_pipeline.py
[2026-06-09T18:50:40.225+0000] {logging_mixin.py:190} INFO - [2026-06-09T18:50:40.224+0000] {dag.py:3211} INFO - Sync 1 DAGs
[2026-06-09T18:50:40.246+0000] {logging_mixin.py:190} INFO - [2026-06-09T18:50:40.246+0000] {dag.py:4138} INFO - Setting next_dagrun for ride_pipeline_monitor to 2026-06-09 17:00:00+00:00, run_after=2026-06-09 18:00:00+00:00
[2026-06-09T18:50:40.269+0000] {processor.py:208} INFO - Processing /opt/airflow/dags/ride_pipeline.py took 0.777 seconds
[2026-06-09T18:51:10.494+0000] {processor.py:186} INFO - Started process (PID=630) to work on /opt/airflow/dags/ride_pipeline.py
[2026-06-09T18:51:10.495+0000] {processor.py:914} INFO - Processing file /opt/airflow/dags/ride_pipeline.py for tasks to queue
[2026-06-09T18:51:10.498+0000] {logging_mixin.py:190} INFO - [2026-06-09T18:51:10.497+0000] {dagbag.py:587} INFO - Filling up the DagBag from /opt/airflow/dags/ride_pipeline.py
[2026-06-09T18:51:11.213+0000] {processor.py:925} INFO - DAG(s) 'ride_pipeline_monitor' retrieved from /opt/airflow/dags/ride_pipeline.py
[2026-06-09T18:51:11.230+0000] {logging_mixin.py:190} INFO - [2026-06-09T18:51:11.229+0000] {dag.py:3211} INFO - Sync 1 DAGs
[2026-06-09T18:51:11.250+0000] {logging_mixin.py:190} INFO - [2026-06-09T18:51:11.250+0000] {dag.py:4138} INFO - Setting next_dagrun for ride_pipeline_monitor to 2026-06-09 17:00:00+00:00, run_after=2026-06-09 18:00:00+00:00
[2026-06-09T18:51:11.275+0000] {processor.py:208} INFO - Processing /opt/airflow/dags/ride_pipeline.py took 0.788 seconds
[2026-06-09T18:51:41.479+0000] {processor.py:186} INFO - Started process (PID=634) to work on /opt/airflow/dags/ride_pipeline.py
[2026-06-09T18:51:41.480+0000] {processor.py:914} INFO - Processing file /opt/airflow/dags/ride_pipeline.py for tasks to queue
[2026-06-09T18:51:41.483+0000] {logging_mixin.py:190} INFO - [2026-06-09T18:51:41.483+0000] {dagbag.py:587} INFO - Filling up the DagBag from /opt/airflow/dags/ride_pipeline.py
[2026-06-09T18:51:42.158+0000] {processor.py:925} INFO - DAG(s) 'ride_pipeline_monitor' retrieved from /opt/airflow/dags/ride_pipeline.py
[2026-06-09T18:51:42.174+0000] {logging_mixin.py:190} INFO - [2026-06-09T18:51:42.174+0000] {dag.py:3211} INFO - Sync 1 DAGs
[2026-06-09T18:51:42.195+0000] {logging_mixin.py:190} INFO - [2026-06-09T18:51:42.195+0000] {dag.py:4138} INFO - Setting next_dagrun for ride_pipeline_monitor to 2026-06-09 17:00:00+00:00, run_after=2026-06-09 18:00:00+00:00
[2026-06-09T18:51:42.218+0000] {processor.py:208} INFO - Processing /opt/airflow/dags/ride_pipeline.py took 0.745 seconds
[2026-06-09T18:52:12.438+0000] {processor.py:186} INFO - Started process (PID=638) to work on /opt/airflow/dags/ride_pipeline.py
[2026-06-09T18:52:12.440+0000] {processor.py:914} INFO - Processing file /opt/airflow/dags/ride_pipeline.py for tasks to queue
[2026-06-09T18:52:12.444+0000] {logging_mixin.py:190} INFO - [2026-06-09T18:52:12.443+0000] {dagbag.py:587} INFO - Filling up the DagBag from /opt/airflow/dags/ride_pipeline.py
[2026-06-09T18:52:13.126+0000] {processor.py:925} INFO - DAG(s) 'ride_pipeline_monitor' retrieved from /opt/airflow/dags/ride_pipeline.py
[2026-06-09T18:52:13.147+0000] {logging_mixin.py:190} INFO - [2026-06-09T18:52:13.146+0000] {dag.py:3211} INFO - Sync 1 DAGs
[2026-06-09T18:52:13.178+0000] {logging_mixin.py:190} INFO - [2026-06-09T18:52:13.177+0000] {dag.py:4138} INFO - Setting next_dagrun for ride_pipeline_monitor to 2026-06-09 17:00:00+00:00, run_after=2026-06-09 18:00:00+00:00
[2026-06-09T18:52:13.208+0000] {processor.py:208} INFO - Processing /opt/airflow/dags/ride_pipeline.py took 0.777 seconds
[2026-06-09T18:52:43.412+0000] {processor.py:186} INFO - Started process (PID=642) to work on /opt/airflow/dags/ride_pipeline.py
[2026-06-09T18:52:43.413+0000] {processor.py:914} INFO - Processing file /opt/airflow/dags/ride_pipeline.py for tasks to queue
[2026-06-09T18:52:43.415+0000] {logging_mixin.py:190} INFO - [2026-06-09T18:52:43.415+0000] {dagbag.py:587} INFO - Filling up the DagBag from /opt/airflow/dags/ride_pipeline.py
[2026-06-09T18:52:44.194+0000] {processor.py:925} INFO - DAG(s) 'ride_pipeline_monitor' retrieved from /opt/airflow/dags/ride_pipeline.py
[2026-06-09T18:52:44.210+0000] {logging_mixin.py:190} INFO - [2026-06-09T18:52:44.209+0000] {dag.py:3211} INFO - Sync 1 DAGs
[2026-06-09T18:52:44.231+0000] {logging_mixin.py:190} INFO - [2026-06-09T18:52:44.231+0000] {dag.py:4138} INFO - Setting next_dagrun for ride_pipeline_monitor to 2026-06-09 17:00:00+00:00, run_after=2026-06-09 18:00:00+00:00
[2026-06-09T18:52:44.253+0000] {processor.py:208} INFO - Processing /opt/airflow/dags/ride_pipeline.py took 0.848 seconds
[2026-06-09T18:53:14.537+0000] {processor.py:186} INFO - Started process (PID=646) to work on /opt/airflow/dags/ride_pipeline.py
[2026-06-09T18:53:14.538+0000] {processor.py:914} INFO - Processing file /opt/airflow/dags/ride_pipeline.py for tasks to queue
[2026-06-09T18:53:14.541+0000] {logging_mixin.py:190} INFO - [2026-06-09T18:53:14.541+0000] {dagbag.py:587} INFO - Filling up the DagBag from /opt/airflow/dags/ride_pipeline.py
[2026-06-09T18:53:15.256+0000] {processor.py:925} INFO - DAG(s) 'ride_pipeline_monitor' retrieved from /opt/airflow/dags/ride_pipeline.py
[2026-06-09T18:53:15.273+0000] {logging_mixin.py:190} INFO - [2026-06-09T18:53:15.272+0000] {dag.py:3211} INFO - Sync 1 DAGs
[2026-06-09T18:53:15.293+0000] {logging_mixin.py:190} INFO - [2026-06-09T18:53:15.293+0000] {dag.py:4138} INFO - Setting next_dagrun for ride_pipeline_monitor to 2026-06-09 17:00:00+00:00, run_after=2026-06-09 18:00:00+00:00
[2026-06-09T18:53:15.314+0000] {processor.py:208} INFO - Processing /opt/airflow/dags/ride_pipeline.py took 0.784 seconds
[2026-06-09T18:53:45.501+0000] {processor.py:186} INFO - Started process (PID=650) to work on /opt/airflow/dags/ride_pipeline.py
[2026-06-09T18:53:45.502+0000] {processor.py:914} INFO - Processing file /opt/airflow/dags/ride_pipeline.py for tasks to queue
[2026-06-09T18:53:45.504+0000] {logging_mixin.py:190} INFO - [2026-06-09T18:53:45.504+0000] {dagbag.py:587} INFO - Filling up the DagBag from /opt/airflow/dags/ride_pipeline.py
[2026-06-09T18:53:46.261+0000] {processor.py:925} INFO - DAG(s) 'ride_pipeline_monitor' retrieved from /opt/airflow/dags/ride_pipeline.py
[2026-06-09T18:53:46.280+0000] {logging_mixin.py:190} INFO - [2026-06-09T18:53:46.280+0000] {dag.py:3211} INFO - Sync 1 DAGs
[2026-06-09T18:53:46.301+0000] {logging_mixin.py:190} INFO - [2026-06-09T18:53:46.301+0000] {dag.py:4138} INFO - Setting next_dagrun for ride_pipeline_monitor to 2026-06-09 17:00:00+00:00, run_after=2026-06-09 18:00:00+00:00
[2026-06-09T18:53:46.323+0000] {processor.py:208} INFO - Processing /opt/airflow/dags/ride_pipeline.py took 0.828 seconds
[2026-06-09T18:54:16.556+0000] {processor.py:186} INFO - Started process (PID=654) to work on /opt/airflow/dags/ride_pipeline.py
[2026-06-09T18:54:16.557+0000] {processor.py:914} INFO - Processing file /opt/airflow/dags/ride_pipeline.py for tasks to queue
[2026-06-09T18:54:16.560+0000] {logging_mixin.py:190} INFO - [2026-06-09T18:54:16.560+0000] {dagbag.py:587} INFO - Filling up the DagBag from /opt/airflow/dags/ride_pipeline.py
[2026-06-09T18:54:17.245+0000] {processor.py:925} INFO - DAG(s) 'ride_pipeline_monitor' retrieved from /opt/airflow/dags/ride_pipeline.py
[2026-06-09T18:54:17.270+0000] {logging_mixin.py:190} INFO - [2026-06-09T18:54:17.269+0000] {dag.py:3211} INFO - Sync 1 DAGs
[2026-06-09T18:54:17.291+0000] {logging_mixin.py:190} INFO - [2026-06-09T18:54:17.290+0000] {dag.py:4138} INFO - Setting next_dagrun for ride_pipeline_monitor to 2026-06-09 17:00:00+00:00, run_after=2026-06-09 18:00:00+00:00
[2026-06-09T18:54:17.313+0000] {processor.py:208} INFO - Processing /opt/airflow/dags/ride_pipeline.py took 0.762 seconds
[2026-06-09T18:54:47.530+0000] {processor.py:186} INFO - Started process (PID=658) to work on /opt/airflow/dags/ride_pipeline.py
[2026-06-09T18:54:47.531+0000] {processor.py:914} INFO - Processing file /opt/airflow/dags/ride_pipeline.py for tasks to queue
[2026-06-09T18:54:47.534+0000] {logging_mixin.py:190} INFO - [2026-06-09T18:54:47.533+0000] {dagbag.py:587} INFO - Filling up the DagBag from /opt/airflow/dags/ride_pipeline.py
[2026-06-09T18:54:48.235+0000] {processor.py:925} INFO - DAG(s) 'ride_pipeline_monitor' retrieved from /opt/airflow/dags/ride_pipeline.py
[2026-06-09T18:54:48.250+0000] {logging_mixin.py:190} INFO - [2026-06-09T18:54:48.249+0000] {dag.py:3211} INFO - Sync 1 DAGs
[2026-06-09T18:54:48.270+0000] {logging_mixin.py:190} INFO - [2026-06-09T18:54:48.270+0000] {dag.py:4138} INFO - Setting next_dagrun for ride_pipeline_monitor to 2026-06-09 17:00:00+00:00, run_after=2026-06-09 18:00:00+00:00
[2026-06-09T18:54:48.292+0000] {processor.py:208} INFO - Processing /opt/airflow/dags/ride_pipeline.py took 0.769 seconds
[2026-06-09T18:55:18.480+0000] {processor.py:186} INFO - Started process (PID=662) to work on /opt/airflow/dags/ride_pipeline.py
[2026-06-09T18:55:18.481+0000] {processor.py:914} INFO - Processing file /opt/airflow/dags/ride_pipeline.py for tasks to queue
[2026-06-09T18:55:18.484+0000] {logging_mixin.py:190} INFO - [2026-06-09T18:55:18.483+0000] {dagbag.py:587} INFO - Filling up the DagBag from /opt/airflow/dags/ride_pipeline.py
[2026-06-09T18:55:19.170+0000] {processor.py:925} INFO - DAG(s) 'ride_pipeline_monitor' retrieved from /opt/airflow/dags/ride_pipeline.py
[2026-06-09T18:55:19.185+0000] {logging_mixin.py:190} INFO - [2026-06-09T18:55:19.184+0000] {dag.py:3211} INFO - Sync 1 DAGs
[2026-06-09T18:55:19.205+0000] {logging_mixin.py:190} INFO - [2026-06-09T18:55:19.205+0000] {dag.py:4138} INFO - Setting next_dagrun for ride_pipeline_monitor to 2026-06-09 17:00:00+00:00, run_after=2026-06-09 18:00:00+00:00
[2026-06-09T18:55:19.229+0000] {processor.py:208} INFO - Processing /opt/airflow/dags/ride_pipeline.py took 0.756 seconds
[2026-06-09T18:55:49.497+0000] {processor.py:186} INFO - Started process (PID=666) to work on /opt/airflow/dags/ride_pipeline.py
[2026-06-09T18:55:49.498+0000] {processor.py:914} INFO - Processing file /opt/airflow/dags/ride_pipeline.py for tasks to queue
[2026-06-09T18:55:49.502+0000] {logging_mixin.py:190} INFO - [2026-06-09T18:55:49.501+0000] {dagbag.py:587} INFO - Filling up the DagBag from /opt/airflow/dags/ride_pipeline.py
[2026-06-09T18:55:50.201+0000] {processor.py:925} INFO - DAG(s) 'ride_pipeline_monitor' retrieved from /opt/airflow/dags/ride_pipeline.py
[2026-06-09T18:55:50.216+0000] {logging_mixin.py:190} INFO - [2026-06-09T18:55:50.216+0000] {dag.py:3211} INFO - Sync 1 DAGs
[2026-06-09T18:55:50.236+0000] {logging_mixin.py:190} INFO - [2026-06-09T18:55:50.236+0000] {dag.py:4138} INFO - Setting next_dagrun for ride_pipeline_monitor to 2026-06-09 17:00:00+00:00, run_after=2026-06-09 18:00:00+00:00
[2026-06-09T18:55:50.264+0000] {processor.py:208} INFO - Processing /opt/airflow/dags/ride_pipeline.py took 0.772 seconds
[2026-06-09T18:56:20.461+0000] {processor.py:186} INFO - Started process (PID=670) to work on /opt/airflow/dags/ride_pipeline.py
[2026-06-09T18:56:20.462+0000] {processor.py:914} INFO - Processing file /opt/airflow/dags/ride_pipeline.py for tasks to queue
[2026-06-09T18:56:20.465+0000] {logging_mixin.py:190} INFO - [2026-06-09T18:56:20.465+0000] {dagbag.py:587} INFO - Filling up the DagBag from /opt/airflow/dags/ride_pipeline.py
[2026-06-09T18:56:21.174+0000] {processor.py:925} INFO - DAG(s) 'ride_pipeline_monitor' retrieved from /opt/airflow/dags/ride_pipeline.py
[2026-06-09T18:56:21.190+0000] {logging_mixin.py:190} INFO - [2026-06-09T18:56:21.189+0000] {dag.py:3211} INFO - Sync 1 DAGs
[2026-06-09T18:56:21.210+0000] {logging_mixin.py:190} INFO - [2026-06-09T18:56:21.209+0000] {dag.py:4138} INFO - Setting next_dagrun for ride_pipeline_monitor to 2026-06-09 17:00:00+00:00, run_after=2026-06-09 18:00:00+00:00
[2026-06-09T18:56:21.237+0000] {processor.py:208} INFO - Processing /opt/airflow/dags/ride_pipeline.py took 0.782 seconds
[2026-06-09T18:56:51.440+0000] {processor.py:186} INFO - Started process (PID=674) to work on /opt/airflow/dags/ride_pipeline.py
[2026-06-09T18:56:51.442+0000] {processor.py:914} INFO - Processing file /opt/airflow/dags/ride_pipeline.py for tasks to queue
[2026-06-09T18:56:51.445+0000] {logging_mixin.py:190} INFO - [2026-06-09T18:56:51.444+0000] {dagbag.py:587} INFO - Filling up the DagBag from /opt/airflow/dags/ride_pipeline.py
[2026-06-09T18:56:52.195+0000] {processor.py:925} INFO - DAG(s) 'ride_pipeline_monitor' retrieved from /opt/airflow/dags/ride_pipeline.py
[2026-06-09T18:56:52.213+0000] {logging_mixin.py:190} INFO - [2026-06-09T18:56:52.213+0000] {dag.py:3211} INFO - Sync 1 DAGs
[2026-06-09T18:56:52.232+0000] {logging_mixin.py:190} INFO - [2026-06-09T18:56:52.232+0000] {dag.py:4138} INFO - Setting next_dagrun for ride_pipeline_monitor to 2026-06-09 17:00:00+00:00, run_after=2026-06-09 18:00:00+00:00
[2026-06-09T18:56:52.255+0000] {processor.py:208} INFO - Processing /opt/airflow/dags/ride_pipeline.py took 0.821 seconds
[2026-06-09T18:57:22.509+0000] {processor.py:186} INFO - Started process (PID=678) to work on /opt/airflow/dags/ride_pipeline.py
[2026-06-09T18:57:22.511+0000] {processor.py:914} INFO - Processing file /opt/airflow/dags/ride_pipeline.py for tasks to queue
[2026-06-09T18:57:22.514+0000] {logging_mixin.py:190} INFO - [2026-06-09T18:57:22.513+0000] {dagbag.py:587} INFO - Filling up the DagBag from /opt/airflow/dags/ride_pipeline.py
[2026-06-09T18:57:23.222+0000] {processor.py:925} INFO - DAG(s) 'ride_pipeline_monitor' retrieved from /opt/airflow/dags/ride_pipeline.py
[2026-06-09T18:57:23.241+0000] {logging_mixin.py:190} INFO - [2026-06-09T18:57:23.240+0000] {dag.py:3211} INFO - Sync 1 DAGs
[2026-06-09T18:57:23.267+0000] {logging_mixin.py:190} INFO - [2026-06-09T18:57:23.267+0000] {dag.py:4138} INFO - Setting next_dagrun for ride_pipeline_monitor to 2026-06-09 17:00:00+00:00, run_after=2026-06-09 18:00:00+00:00
[2026-06-09T18:57:23.296+0000] {processor.py:208} INFO - Processing /opt/airflow/dags/ride_pipeline.py took 0.793 seconds
[2026-06-09T18:57:53.596+0000] {processor.py:186} INFO - Started process (PID=682) to work on /opt/airflow/dags/ride_pipeline.py
[2026-06-09T18:57:53.597+0000] {processor.py:914} INFO - Processing file /opt/airflow/dags/ride_pipeline.py for tasks to queue
[2026-06-09T18:57:53.601+0000] {logging_mixin.py:190} INFO - [2026-06-09T18:57:53.600+0000] {dagbag.py:587} INFO - Filling up the DagBag from /opt/airflow/dags/ride_pipeline.py
[2026-06-09T18:57:54.657+0000] {processor.py:925} INFO - DAG(s) 'ride_pipeline_monitor' retrieved from /opt/airflow/dags/ride_pipeline.py
[2026-06-09T18:57:54.672+0000] {logging_mixin.py:190} INFO - [2026-06-09T18:57:54.672+0000] {dag.py:3211} INFO - Sync 1 DAGs
[2026-06-09T18:57:54.694+0000] {logging_mixin.py:190} INFO - [2026-06-09T18:57:54.693+0000] {dag.py:4138} INFO - Setting next_dagrun for ride_pipeline_monitor to 2026-06-09 17:00:00+00:00, run_after=2026-06-09 18:00:00+00:00
[2026-06-09T18:57:54.719+0000] {processor.py:208} INFO - Processing /opt/airflow/dags/ride_pipeline.py took 1.130 seconds
[2026-06-09T18:58:24.971+0000] {processor.py:186} INFO - Started process (PID=686) to work on /opt/airflow/dags/ride_pipeline.py
[2026-06-09T18:58:24.972+0000] {processor.py:914} INFO - Processing file /opt/airflow/dags/ride_pipeline.py for tasks to queue
[2026-06-09T18:58:24.975+0000] {logging_mixin.py:190} INFO - [2026-06-09T18:58:24.975+0000] {dagbag.py:587} INFO - Filling up the DagBag from /opt/airflow/dags/ride_pipeline.py
[2026-06-09T18:58:25.665+0000] {processor.py:925} INFO - DAG(s) 'ride_pipeline_monitor' retrieved from /opt/airflow/dags/ride_pipeline.py
[2026-06-09T18:58:25.681+0000] {logging_mixin.py:190} INFO - [2026-06-09T18:58:25.680+0000] {dag.py:3211} INFO - Sync 1 DAGs
[2026-06-09T18:58:25.700+0000] {logging_mixin.py:190} INFO - [2026-06-09T18:58:25.700+0000] {dag.py:4138} INFO - Setting next_dagrun for ride_pipeline_monitor to 2026-06-09 17:00:00+00:00, run_after=2026-06-09 18:00:00+00:00
[2026-06-09T18:58:25.727+0000] {processor.py:208} INFO - Processing /opt/airflow/dags/ride_pipeline.py took 0.762 seconds
[2026-06-09T18:58:55.932+0000] {processor.py:186} INFO - Started process (PID=690) to work on /opt/airflow/dags/ride_pipeline.py
[2026-06-09T18:58:55.933+0000] {processor.py:914} INFO - Processing file /opt/airflow/dags/ride_pipeline.py for tasks to queue
[2026-06-09T18:58:55.936+0000] {logging_mixin.py:190} INFO - [2026-06-09T18:58:55.935+0000] {dagbag.py:587} INFO - Filling up the DagBag from /opt/airflow/dags/ride_pipeline.py
[2026-06-09T18:58:56.691+0000] {processor.py:925} INFO - DAG(s) 'ride_pipeline_monitor' retrieved from /opt/airflow/dags/ride_pipeline.py
[2026-06-09T18:58:56.709+0000] {logging_mixin.py:190} INFO - [2026-06-09T18:58:56.708+0000] {dag.py:3211} INFO - Sync 1 DAGs
[2026-06-09T18:58:56.728+0000] {logging_mixin.py:190} INFO - [2026-06-09T18:58:56.728+0000] {dag.py:4138} INFO - Setting next_dagrun for ride_pipeline_monitor to 2026-06-09 17:00:00+00:00, run_after=2026-06-09 18:00:00+00:00
[2026-06-09T18:58:56.749+0000] {processor.py:208} INFO - Processing /opt/airflow/dags/ride_pipeline.py took 0.824 seconds
[2026-06-09T18:59:27.006+0000] {processor.py:186} INFO - Started process (PID=694) to work on /opt/airflow/dags/ride_pipeline.py
[2026-06-09T18:59:27.007+0000] {processor.py:914} INFO - Processing file /opt/airflow/dags/ride_pipeline.py for tasks to queue
[2026-06-09T18:59:27.010+0000] {logging_mixin.py:190} INFO - [2026-06-09T18:59:27.009+0000] {dagbag.py:587} INFO - Filling up the DagBag from /opt/airflow/dags/ride_pipeline.py
[2026-06-09T18:59:27.749+0000] {processor.py:925} INFO - DAG(s) 'ride_pipeline_monitor' retrieved from /opt/airflow/dags/ride_pipeline.py
[2026-06-09T18:59:27.766+0000] {logging_mixin.py:190} INFO - [2026-06-09T18:59:27.766+0000] {dag.py:3211} INFO - Sync 1 DAGs
[2026-06-09T18:59:27.786+0000] {logging_mixin.py:190} INFO - [2026-06-09T18:59:27.786+0000] {dag.py:4138} INFO - Setting next_dagrun for ride_pipeline_monitor to 2026-06-09 17:00:00+00:00, run_after=2026-06-09 18:00:00+00:00
[2026-06-09T18:59:27.811+0000] {processor.py:208} INFO - Processing /opt/airflow/dags/ride_pipeline.py took 0.750 seconds
[2026-06-09T18:59:58.060+0000] {processor.py:186} INFO - Started process (PID=698) to work on /opt/airflow/dags/ride_pipeline.py
[2026-06-09T18:59:58.062+0000] {processor.py:914} INFO - Processing file /opt/airflow/dags/ride_pipeline.py for tasks to queue
[2026-06-09T18:59:58.065+0000] {logging_mixin.py:190} INFO - [2026-06-09T18:59:58.064+0000] {dagbag.py:587} INFO - Filling up the DagBag from /opt/airflow/dags/ride_pipeline.py
[2026-06-09T18:59:58.786+0000] {processor.py:925} INFO - DAG(s) 'ride_pipeline_monitor' retrieved from /opt/airflow/dags/ride_pipeline.py
[2026-06-09T18:59:58.803+0000] {logging_mixin.py:190} INFO - [2026-06-09T18:59:58.802+0000] {dag.py:3211} INFO - Sync 1 DAGs
[2026-06-09T18:59:58.824+0000] {logging_mixin.py:190} INFO - [2026-06-09T18:59:58.824+0000] {dag.py:4138} INFO - Setting next_dagrun for ride_pipeline_monitor to 2026-06-09 17:00:00+00:00, run_after=2026-06-09 18:00:00+00:00
[2026-06-09T18:59:58.850+0000] {processor.py:208} INFO - Processing /opt/airflow/dags/ride_pipeline.py took 0.795 seconds
[2026-06-09T19:00:29.142+0000] {processor.py:186} INFO - Started process (PID=702) to work on /opt/airflow/dags/ride_pipeline.py
[2026-06-09T19:00:29.143+0000] {processor.py:914} INFO - Processing file /opt/airflow/dags/ride_pipeline.py for tasks to queue
[2026-06-09T19:00:29.146+0000] {logging_mixin.py:190} INFO - [2026-06-09T19:00:29.146+0000] {dagbag.py:587} INFO - Filling up the DagBag from /opt/airflow/dags/ride_pipeline.py
[2026-06-09T19:00:29.861+0000] {processor.py:925} INFO - DAG(s) 'ride_pipeline_monitor' retrieved from /opt/airflow/dags/ride_pipeline.py
[2026-06-09T19:00:29.876+0000] {logging_mixin.py:190} INFO - [2026-06-09T19:00:29.875+0000] {dag.py:3211} INFO - Sync 1 DAGs
[2026-06-09T19:00:29.896+0000] {logging_mixin.py:190} INFO - [2026-06-09T19:00:29.896+0000] {dag.py:4138} INFO - Setting next_dagrun for ride_pipeline_monitor to 2026-06-09 18:00:00+00:00, run_after=2026-06-09 19:00:00+00:00
[2026-06-09T19:00:29.921+0000] {processor.py:208} INFO - Processing /opt/airflow/dags/ride_pipeline.py took 0.785 seconds
[2026-06-09T19:01:00.126+0000] {processor.py:186} INFO - Started process (PID=706) to work on /opt/airflow/dags/ride_pipeline.py
[2026-06-09T19:01:00.127+0000] {processor.py:914} INFO - Processing file /opt/airflow/dags/ride_pipeline.py for tasks to queue
[2026-06-09T19:01:00.131+0000] {logging_mixin.py:190} INFO - [2026-06-09T19:01:00.130+0000] {dagbag.py:587} INFO - Filling up the DagBag from /opt/airflow/dags/ride_pipeline.py
[2026-06-09T19:01:00.868+0000] {processor.py:925} INFO - DAG(s) 'ride_pipeline_monitor' retrieved from /opt/airflow/dags/ride_pipeline.py
[2026-06-09T19:01:00.884+0000] {logging_mixin.py:190} INFO - [2026-06-09T19:01:00.884+0000] {dag.py:3211} INFO - Sync 1 DAGs
[2026-06-09T19:01:00.906+0000] {logging_mixin.py:190} INFO - [2026-06-09T19:01:00.906+0000] {dag.py:4138} INFO - Setting next_dagrun for ride_pipeline_monitor to 2026-06-09 18:00:00+00:00, run_after=2026-06-09 19:00:00+00:00
[2026-06-09T19:01:00.929+0000] {processor.py:208} INFO - Processing /opt/airflow/dags/ride_pipeline.py took 0.809 seconds
[2026-06-09T19:01:31.195+0000] {processor.py:186} INFO - Started process (PID=710) to work on /opt/airflow/dags/ride_pipeline.py
[2026-06-09T19:01:31.196+0000] {processor.py:914} INFO - Processing file /opt/airflow/dags/ride_pipeline.py for tasks to queue
[2026-06-09T19:01:31.199+0000] {logging_mixin.py:190} INFO - [2026-06-09T19:01:31.198+0000] {dagbag.py:587} INFO - Filling up the DagBag from /opt/airflow/dags/ride_pipeline.py
[2026-06-09T19:01:31.890+0000] {processor.py:925} INFO - DAG(s) 'ride_pipeline_monitor' retrieved from /opt/airflow/dags/ride_pipeline.py
[2026-06-09T19:01:31.905+0000] {logging_mixin.py:190} INFO - [2026-06-09T19:01:31.905+0000] {dag.py:3211} INFO - Sync 1 DAGs
[2026-06-09T19:01:31.930+0000] {logging_mixin.py:190} INFO - [2026-06-09T19:01:31.930+0000] {dag.py:4138} INFO - Setting next_dagrun for ride_pipeline_monitor to 2026-06-09 18:00:00+00:00, run_after=2026-06-09 19:00:00+00:00
[2026-06-09T19:01:31.951+0000] {processor.py:208} INFO - Processing /opt/airflow/dags/ride_pipeline.py took 0.762 seconds
[2026-06-09T19:02:02.195+0000] {processor.py:186} INFO - Started process (PID=714) to work on /opt/airflow/dags/ride_pipeline.py
[2026-06-09T19:02:02.197+0000] {processor.py:914} INFO - Processing file /opt/airflow/dags/ride_pipeline.py for tasks to queue
[2026-06-09T19:02:02.200+0000] {logging_mixin.py:190} INFO - [2026-06-09T19:02:02.199+0000] {dagbag.py:587} INFO - Filling up the DagBag from /opt/airflow/dags/ride_pipeline.py
[2026-06-09T19:02:02.886+0000] {processor.py:925} INFO - DAG(s) 'ride_pipeline_monitor' retrieved from /opt/airflow/dags/ride_pipeline.py
[2026-06-09T19:02:02.906+0000] {logging_mixin.py:190} INFO - [2026-06-09T19:02:02.906+0000] {dag.py:3211} INFO - Sync 1 DAGs
[2026-06-09T19:02:02.931+0000] {logging_mixin.py:190} INFO - [2026-06-09T19:02:02.931+0000] {dag.py:4138} INFO - Setting next_dagrun for ride_pipeline_monitor to 2026-06-09 18:00:00+00:00, run_after=2026-06-09 19:00:00+00:00
[2026-06-09T19:02:02.954+0000] {processor.py:208} INFO - Processing /opt/airflow/dags/ride_pipeline.py took 0.765 seconds
[2026-06-09T19:02:33.152+0000] {processor.py:186} INFO - Started process (PID=718) to work on /opt/airflow/dags/ride_pipeline.py
[2026-06-09T19:02:33.153+0000] {processor.py:914} INFO - Processing file /opt/airflow/dags/ride_pipeline.py for tasks to queue
[2026-06-09T19:02:33.156+0000] {logging_mixin.py:190} INFO - [2026-06-09T19:02:33.156+0000] {dagbag.py:587} INFO - Filling up the DagBag from /opt/airflow/dags/ride_pipeline.py
[2026-06-09T19:02:33.893+0000] {processor.py:925} INFO - DAG(s) 'ride_pipeline_monitor' retrieved from /opt/airflow/dags/ride_pipeline.py
[2026-06-09T19:02:33.910+0000] {logging_mixin.py:190} INFO - [2026-06-09T19:02:33.909+0000] {dag.py:3211} INFO - Sync 1 DAGs
[2026-06-09T19:02:33.930+0000] {logging_mixin.py:190} INFO - [2026-06-09T19:02:33.930+0000] {dag.py:4138} INFO - Setting next_dagrun for ride_pipeline_monitor to 2026-06-09 18:00:00+00:00, run_after=2026-06-09 19:00:00+00:00
[2026-06-09T19:02:33.955+0000] {processor.py:208} INFO - Processing /opt/airflow/dags/ride_pipeline.py took 0.809 seconds
[2026-06-09T19:03:04.229+0000] {processor.py:186} INFO - Started process (PID=722) to work on /opt/airflow/dags/ride_pipeline.py
[2026-06-09T19:03:04.230+0000] {processor.py:914} INFO - Processing file /opt/airflow/dags/ride_pipeline.py for tasks to queue
[2026-06-09T19:03:04.233+0000] {logging_mixin.py:190} INFO - [2026-06-09T19:03:04.233+0000] {dagbag.py:587} INFO - Filling up the DagBag from /opt/airflow/dags/ride_pipeline.py
[2026-06-09T19:03:05.054+0000] {processor.py:925} INFO - DAG(s) 'ride_pipeline_monitor' retrieved from /opt/airflow/dags/ride_pipeline.py
[2026-06-09T19:03:05.072+0000] {logging_mixin.py:190} INFO - [2026-06-09T19:03:05.071+0000] {dag.py:3211} INFO - Sync 1 DAGs
[2026-06-09T19:03:05.093+0000] {logging_mixin.py:190} INFO - [2026-06-09T19:03:05.093+0000] {dag.py:4138} INFO - Setting next_dagrun for ride_pipeline_monitor to 2026-06-09 18:00:00+00:00, run_after=2026-06-09 19:00:00+00:00
[2026-06-09T19:03:05.116+0000] {processor.py:208} INFO - Processing /opt/airflow/dags/ride_pipeline.py took 0.894 seconds
[2026-06-09T19:03:35.422+0000] {processor.py:186} INFO - Started process (PID=726) to work on /opt/airflow/dags/ride_pipeline.py
[2026-06-09T19:03:35.423+0000] {processor.py:914} INFO - Processing file /opt/airflow/dags/ride_pipeline.py for tasks to queue
[2026-06-09T19:03:35.426+0000] {logging_mixin.py:190} INFO - [2026-06-09T19:03:35.426+0000] {dagbag.py:587} INFO - Filling up the DagBag from /opt/airflow/dags/ride_pipeline.py
[2026-06-09T19:03:36.112+0000] {processor.py:925} INFO - DAG(s) 'ride_pipeline_monitor' retrieved from /opt/airflow/dags/ride_pipeline.py
[2026-06-09T19:03:36.128+0000] {logging_mixin.py:190} INFO - [2026-06-09T19:03:36.128+0000] {dag.py:3211} INFO - Sync 1 DAGs
[2026-06-09T19:03:36.149+0000] {logging_mixin.py:190} INFO - [2026-06-09T19:03:36.149+0000] {dag.py:4138} INFO - Setting next_dagrun for ride_pipeline_monitor to 2026-06-09 18:00:00+00:00, run_after=2026-06-09 19:00:00+00:00
[2026-06-09T19:03:36.176+0000] {processor.py:208} INFO - Processing /opt/airflow/dags/ride_pipeline.py took 0.760 seconds
[2026-06-09T19:04:06.410+0000] {processor.py:186} INFO - Started process (PID=730) to work on /opt/airflow/dags/ride_pipeline.py
[2026-06-09T19:04:06.411+0000] {processor.py:914} INFO - Processing file /opt/airflow/dags/ride_pipeline.py for tasks to queue
[2026-06-09T19:04:06.414+0000] {logging_mixin.py:190} INFO - [2026-06-09T19:04:06.414+0000] {dagbag.py:587} INFO - Filling up the DagBag from /opt/airflow/dags/ride_pipeline.py
[2026-06-09T19:04:07.211+0000] {processor.py:925} INFO - DAG(s) 'ride_pipeline_monitor' retrieved from /opt/airflow/dags/ride_pipeline.py
[2026-06-09T19:04:07.227+0000] {logging_mixin.py:190} INFO - [2026-06-09T19:04:07.226+0000] {dag.py:3211} INFO - Sync 1 DAGs
[2026-06-09T19:04:07.248+0000] {logging_mixin.py:190} INFO - [2026-06-09T19:04:07.247+0000] {dag.py:4138} INFO - Setting next_dagrun for ride_pipeline_monitor to 2026-06-09 18:00:00+00:00, run_after=2026-06-09 19:00:00+00:00
[2026-06-09T19:04:07.272+0000] {processor.py:208} INFO - Processing /opt/airflow/dags/ride_pipeline.py took 0.868 seconds
[2026-06-09T19:04:37.490+0000] {processor.py:186} INFO - Started process (PID=734) to work on /opt/airflow/dags/ride_pipeline.py
[2026-06-09T19:04:37.491+0000] {processor.py:914} INFO - Processing file /opt/airflow/dags/ride_pipeline.py for tasks to queue
[2026-06-09T19:04:37.494+0000] {logging_mixin.py:190} INFO - [2026-06-09T19:04:37.494+0000] {dagbag.py:587} INFO - Filling up the DagBag from /opt/airflow/dags/ride_pipeline.py
[2026-06-09T19:04:38.212+0000] {processor.py:925} INFO - DAG(s) 'ride_pipeline_monitor' retrieved from /opt/airflow/dags/ride_pipeline.py
[2026-06-09T19:04:38.229+0000] {logging_mixin.py:190} INFO - [2026-06-09T19:04:38.228+0000] {dag.py:3211} INFO - Sync 1 DAGs
[2026-06-09T19:04:38.249+0000] {logging_mixin.py:190} INFO - [2026-06-09T19:04:38.249+0000] {dag.py:4138} INFO - Setting next_dagrun for ride_pipeline_monitor to 2026-06-09 18:00:00+00:00, run_after=2026-06-09 19:00:00+00:00
[2026-06-09T19:04:38.272+0000] {processor.py:208} INFO - Processing /opt/airflow/dags/ride_pipeline.py took 0.788 seconds
[2026-06-09T19:05:08.450+0000] {processor.py:186} INFO - Started process (PID=738) to work on /opt/airflow/dags/ride_pipeline.py
[2026-06-09T19:05:08.451+0000] {processor.py:914} INFO - Processing file /opt/airflow/dags/ride_pipeline.py for tasks to queue
[2026-06-09T19:05:08.454+0000] {logging_mixin.py:190} INFO - [2026-06-09T19:05:08.453+0000] {dagbag.py:587} INFO - Filling up the DagBag from /opt/airflow/dags/ride_pipeline.py
[2026-06-09T19:05:09.150+0000] {processor.py:925} INFO - DAG(s) 'ride_pipeline_monitor' retrieved from /opt/airflow/dags/ride_pipeline.py
[2026-06-09T19:05:09.165+0000] {logging_mixin.py:190} INFO - [2026-06-09T19:05:09.165+0000] {dag.py:3211} INFO - Sync 1 DAGs
[2026-06-09T19:05:09.184+0000] {logging_mixin.py:190} INFO - [2026-06-09T19:05:09.184+0000] {dag.py:4138} INFO - Setting next_dagrun for ride_pipeline_monitor to 2026-06-09 18:00:00+00:00, run_after=2026-06-09 19:00:00+00:00
[2026-06-09T19:05:09.208+0000] {processor.py:208} INFO - Processing /opt/airflow/dags/ride_pipeline.py took 0.765 seconds
[2026-06-09T19:05:39.430+0000] {processor.py:186} INFO - Started process (PID=742) to work on /opt/airflow/dags/ride_pipeline.py
[2026-06-09T19:05:39.431+0000] {processor.py:914} INFO - Processing file /opt/airflow/dags/ride_pipeline.py for tasks to queue
[2026-06-09T19:05:39.436+0000] {logging_mixin.py:190} INFO - [2026-06-09T19:05:39.435+0000] {dagbag.py:587} INFO - Filling up the DagBag from /opt/airflow/dags/ride_pipeline.py
[2026-06-09T19:05:40.189+0000] {processor.py:925} INFO - DAG(s) 'ride_pipeline_monitor' retrieved from /opt/airflow/dags/ride_pipeline.py
[2026-06-09T19:05:40.204+0000] {logging_mixin.py:190} INFO - [2026-06-09T19:05:40.203+0000] {dag.py:3211} INFO - Sync 1 DAGs
[2026-06-09T19:05:40.227+0000] {logging_mixin.py:190} INFO - [2026-06-09T19:05:40.227+0000] {dag.py:4138} INFO - Setting next_dagrun for ride_pipeline_monitor to 2026-06-09 18:00:00+00:00, run_after=2026-06-09 19:00:00+00:00
[2026-06-09T19:05:40.251+0000] {processor.py:208} INFO - Processing /opt/airflow/dags/ride_pipeline.py took 0.832 seconds
[2026-06-09T19:06:10.493+0000] {processor.py:186} INFO - Started process (PID=746) to work on /opt/airflow/dags/ride_pipeline.py
[2026-06-09T19:06:10.495+0000] {processor.py:914} INFO - Processing file /opt/airflow/dags/ride_pipeline.py for tasks to queue
[2026-06-09T19:06:10.498+0000] {logging_mixin.py:190} INFO - [2026-06-09T19:06:10.498+0000] {dagbag.py:587} INFO - Filling up the DagBag from /opt/airflow/dags/ride_pipeline.py
[2026-06-09T19:06:11.218+0000] {processor.py:925} INFO - DAG(s) 'ride_pipeline_monitor' retrieved from /opt/airflow/dags/ride_pipeline.py
[2026-06-09T19:06:11.234+0000] {logging_mixin.py:190} INFO - [2026-06-09T19:06:11.233+0000] {dag.py:3211} INFO - Sync 1 DAGs
[2026-06-09T19:06:11.256+0000] {logging_mixin.py:190} INFO - [2026-06-09T19:06:11.256+0000] {dag.py:4138} INFO - Setting next_dagrun for ride_pipeline_monitor to 2026-06-09 18:00:00+00:00, run_after=2026-06-09 19:00:00+00:00
[2026-06-09T19:06:11.281+0000] {processor.py:208} INFO - Processing /opt/airflow/dags/ride_pipeline.py took 0.794 seconds
[2026-06-09T19:06:41.556+0000] {processor.py:186} INFO - Started process (PID=750) to work on /opt/airflow/dags/ride_pipeline.py
[2026-06-09T19:06:41.557+0000] {processor.py:914} INFO - Processing file /opt/airflow/dags/ride_pipeline.py for tasks to queue
[2026-06-09T19:06:41.559+0000] {logging_mixin.py:190} INFO - [2026-06-09T19:06:41.559+0000] {dagbag.py:587} INFO - Filling up the DagBag from /opt/airflow/dags/ride_pipeline.py
[2026-06-09T19:06:42.273+0000] {processor.py:925} INFO - DAG(s) 'ride_pipeline_monitor' retrieved from /opt/airflow/dags/ride_pipeline.py
[2026-06-09T19:06:42.289+0000] {logging_mixin.py:190} INFO - [2026-06-09T19:06:42.289+0000] {dag.py:3211} INFO - Sync 1 DAGs
[2026-06-09T19:06:42.313+0000] {logging_mixin.py:190} INFO - [2026-06-09T19:06:42.313+0000] {dag.py:4138} INFO - Setting next_dagrun for ride_pipeline_monitor to 2026-06-09 18:00:00+00:00, run_after=2026-06-09 19:00:00+00:00
[2026-06-09T19:06:42.338+0000] {processor.py:208} INFO - Processing /opt/airflow/dags/ride_pipeline.py took 0.788 seconds
[2026-06-09T19:07:12.521+0000] {processor.py:186} INFO - Started process (PID=754) to work on /opt/airflow/dags/ride_pipeline.py
[2026-06-09T19:07:12.522+0000] {processor.py:914} INFO - Processing file /opt/airflow/dags/ride_pipeline.py for tasks to queue
[2026-06-09T19:07:12.525+0000] {logging_mixin.py:190} INFO - [2026-06-09T19:07:12.525+0000] {dagbag.py:587} INFO - Filling up the DagBag from /opt/airflow/dags/ride_pipeline.py
[2026-06-09T19:07:13.212+0000] {processor.py:925} INFO - DAG(s) 'ride_pipeline_monitor' retrieved from /opt/airflow/dags/ride_pipeline.py
[2026-06-09T19:07:13.229+0000] {logging_mixin.py:190} INFO - [2026-06-09T19:07:13.229+0000] {dag.py:3211} INFO - Sync 1 DAGs
[2026-06-09T19:07:13.250+0000] {logging_mixin.py:190} INFO - [2026-06-09T19:07:13.250+0000] {dag.py:4138} INFO - Setting next_dagrun for ride_pipeline_monitor to 2026-06-09 18:00:00+00:00, run_after=2026-06-09 19:00:00+00:00
[2026-06-09T19:07:13.275+0000] {processor.py:208} INFO - Processing /opt/airflow/dags/ride_pipeline.py took 0.760 seconds
[2026-06-09T19:07:43.478+0000] {processor.py:186} INFO - Started process (PID=758) to work on /opt/airflow/dags/ride_pipeline.py
[2026-06-09T19:07:43.479+0000] {processor.py:914} INFO - Processing file /opt/airflow/dags/ride_pipeline.py for tasks to queue
[2026-06-09T19:07:43.482+0000] {logging_mixin.py:190} INFO - [2026-06-09T19:07:43.482+0000] {dagbag.py:587} INFO - Filling up the DagBag from /opt/airflow/dags/ride_pipeline.py
[2026-06-09T19:07:44.199+0000] {processor.py:925} INFO - DAG(s) 'ride_pipeline_monitor' retrieved from /opt/airflow/dags/ride_pipeline.py
[2026-06-09T19:07:44.215+0000] {logging_mixin.py:190} INFO - [2026-06-09T19:07:44.215+0000] {dag.py:3211} INFO - Sync 1 DAGs
[2026-06-09T19:07:44.236+0000] {logging_mixin.py:190} INFO - [2026-06-09T19:07:44.236+0000] {dag.py:4138} INFO - Setting next_dagrun for ride_pipeline_monitor to 2026-06-09 18:00:00+00:00, run_after=2026-06-09 19:00:00+00:00
[2026-06-09T19:07:44.263+0000] {processor.py:208} INFO - Processing /opt/airflow/dags/ride_pipeline.py took 0.792 seconds
[2026-06-09T19:08:14.558+0000] {processor.py:186} INFO - Started process (PID=762) to work on /opt/airflow/dags/ride_pipeline.py
[2026-06-09T19:08:14.560+0000] {processor.py:914} INFO - Processing file /opt/airflow/dags/ride_pipeline.py for tasks to queue
[2026-06-09T19:08:14.564+0000] {logging_mixin.py:190} INFO - [2026-06-09T19:08:14.563+0000] {dagbag.py:587} INFO - Filling up the DagBag from /opt/airflow/dags/ride_pipeline.py
[2026-06-09T19:08:15.323+0000] {processor.py:925} INFO - DAG(s) 'ride_pipeline_monitor' retrieved from /opt/airflow/dags/ride_pipeline.py
[2026-06-09T19:08:15.340+0000] {logging_mixin.py:190} INFO - [2026-06-09T19:08:15.339+0000] {dag.py:3211} INFO - Sync 1 DAGs
[2026-06-09T19:08:15.361+0000] {logging_mixin.py:190} INFO - [2026-06-09T19:08:15.360+0000] {dag.py:4138} INFO - Setting next_dagrun for ride_pipeline_monitor to 2026-06-09 18:00:00+00:00, run_after=2026-06-09 19:00:00+00:00
[2026-06-09T19:08:15.387+0000] {processor.py:208} INFO - Processing /opt/airflow/dags/ride_pipeline.py took 0.838 seconds
[2026-06-09T19:08:45.612+0000] {processor.py:186} INFO - Started process (PID=766) to work on /opt/airflow/dags/ride_pipeline.py
[2026-06-09T19:08:45.613+0000] {processor.py:914} INFO - Processing file /opt/airflow/dags/ride_pipeline.py for tasks to queue
[2026-06-09T19:08:45.617+0000] {logging_mixin.py:190} INFO - [2026-06-09T19:08:45.616+0000] {dagbag.py:587} INFO - Filling up the DagBag from /opt/airflow/dags/ride_pipeline.py
[2026-06-09T19:08:46.361+0000] {processor.py:925} INFO - DAG(s) 'ride_pipeline_monitor' retrieved from /opt/airflow/dags/ride_pipeline.py
[2026-06-09T19:08:46.377+0000] {logging_mixin.py:190} INFO - [2026-06-09T19:08:46.377+0000] {dag.py:3211} INFO - Sync 1 DAGs
[2026-06-09T19:08:46.397+0000] {logging_mixin.py:190} INFO - [2026-06-09T19:08:46.397+0000] {dag.py:4138} INFO - Setting next_dagrun for ride_pipeline_monitor to 2026-06-09 18:00:00+00:00, run_after=2026-06-09 19:00:00+00:00
[2026-06-09T19:08:46.422+0000] {processor.py:208} INFO - Processing /opt/airflow/dags/ride_pipeline.py took 0.818 seconds
[2026-06-09T19:09:16.671+0000] {processor.py:186} INFO - Started process (PID=770) to work on /opt/airflow/dags/ride_pipeline.py
[2026-06-09T19:09:16.672+0000] {processor.py:914} INFO - Processing file /opt/airflow/dags/ride_pipeline.py for tasks to queue
[2026-06-09T19:09:16.675+0000] {logging_mixin.py:190} INFO - [2026-06-09T19:09:16.675+0000] {dagbag.py:587} INFO - Filling up the DagBag from /opt/airflow/dags/ride_pipeline.py
[2026-06-09T19:09:17.463+0000] {processor.py:925} INFO - DAG(s) 'ride_pipeline_monitor' retrieved from /opt/airflow/dags/ride_pipeline.py
[2026-06-09T19:09:17.479+0000] {logging_mixin.py:190} INFO - [2026-06-09T19:09:17.478+0000] {dag.py:3211} INFO - Sync 1 DAGs
[2026-06-09T19:09:17.499+0000] {logging_mixin.py:190} INFO - [2026-06-09T19:09:17.499+0000] {dag.py:4138} INFO - Setting next_dagrun for ride_pipeline_monitor to 2026-06-09 18:00:00+00:00, run_after=2026-06-09 19:00:00+00:00
[2026-06-09T19:09:17.523+0000] {processor.py:208} INFO - Processing /opt/airflow/dags/ride_pipeline.py took 0.860 seconds
[2026-06-09T19:09:47.733+0000] {processor.py:186} INFO - Started process (PID=774) to work on /opt/airflow/dags/ride_pipeline.py
[2026-06-09T19:09:47.735+0000] {processor.py:914} INFO - Processing file /opt/airflow/dags/ride_pipeline.py for tasks to queue
[2026-06-09T19:09:47.739+0000] {logging_mixin.py:190} INFO - [2026-06-09T19:09:47.739+0000] {dagbag.py:587} INFO - Filling up the DagBag from /opt/airflow/dags/ride_pipeline.py
[2026-06-09T19:09:48.508+0000] {processor.py:925} INFO - DAG(s) 'ride_pipeline_monitor' retrieved from /opt/airflow/dags/ride_pipeline.py
[2026-06-09T19:09:48.528+0000] {logging_mixin.py:190} INFO - [2026-06-09T19:09:48.528+0000] {dag.py:3211} INFO - Sync 1 DAGs
[2026-06-09T19:09:48.555+0000] {logging_mixin.py:190} INFO - [2026-06-09T19:09:48.555+0000] {dag.py:4138} INFO - Setting next_dagrun for ride_pipeline_monitor to 2026-06-09 18:00:00+00:00, run_after=2026-06-09 19:00:00+00:00
[2026-06-09T19:09:48.580+0000] {processor.py:208} INFO - Processing /opt/airflow/dags/ride_pipeline.py took 0.853 seconds
[2026-06-09T19:10:18.808+0000] {processor.py:186} INFO - Started process (PID=778) to work on /opt/airflow/dags/ride_pipeline.py
[2026-06-09T19:10:18.809+0000] {processor.py:914} INFO - Processing file /opt/airflow/dags/ride_pipeline.py for tasks to queue
[2026-06-09T19:10:18.812+0000] {logging_mixin.py:190} INFO - [2026-06-09T19:10:18.812+0000] {dagbag.py:587} INFO - Filling up the DagBag from /opt/airflow/dags/ride_pipeline.py
[2026-06-09T19:10:19.648+0000] {processor.py:925} INFO - DAG(s) 'ride_pipeline_monitor' retrieved from /opt/airflow/dags/ride_pipeline.py
[2026-06-09T19:10:19.665+0000] {logging_mixin.py:190} INFO - [2026-06-09T19:10:19.665+0000] {dag.py:3211} INFO - Sync 1 DAGs
[2026-06-09T19:10:19.687+0000] {logging_mixin.py:190} INFO - [2026-06-09T19:10:19.687+0000] {dag.py:4138} INFO - Setting next_dagrun for ride_pipeline_monitor to 2026-06-09 18:00:00+00:00, run_after=2026-06-09 19:00:00+00:00
[2026-06-09T19:10:19.716+0000] {processor.py:208} INFO - Processing /opt/airflow/dags/ride_pipeline.py took 0.915 seconds
[2026-06-09T19:10:49.965+0000] {processor.py:186} INFO - Started process (PID=782) to work on /opt/airflow/dags/ride_pipeline.py
[2026-06-09T19:10:49.966+0000] {processor.py:914} INFO - Processing file /opt/airflow/dags/ride_pipeline.py for tasks to queue
[2026-06-09T19:10:49.969+0000] {logging_mixin.py:190} INFO - [2026-06-09T19:10:49.968+0000] {dagbag.py:587} INFO - Filling up the DagBag from /opt/airflow/dags/ride_pipeline.py
[2026-06-09T19:10:50.698+0000] {processor.py:925} INFO - DAG(s) 'ride_pipeline_monitor' retrieved from /opt/airflow/dags/ride_pipeline.py
[2026-06-09T19:10:50.714+0000] {logging_mixin.py:190} INFO - [2026-06-09T19:10:50.713+0000] {dag.py:3211} INFO - Sync 1 DAGs
[2026-06-09T19:10:50.734+0000] {logging_mixin.py:190} INFO - [2026-06-09T19:10:50.734+0000] {dag.py:4138} INFO - Setting next_dagrun for ride_pipeline_monitor to 2026-06-09 18:00:00+00:00, run_after=2026-06-09 19:00:00+00:00
[2026-06-09T19:10:50.756+0000] {processor.py:208} INFO - Processing /opt/airflow/dags/ride_pipeline.py took 0.799 seconds
[2026-06-09T19:11:21.036+0000] {processor.py:186} INFO - Started process (PID=786) to work on /opt/airflow/dags/ride_pipeline.py
[2026-06-09T19:11:21.037+0000] {processor.py:914} INFO - Processing file /opt/airflow/dags/ride_pipeline.py for tasks to queue
[2026-06-09T19:11:21.041+0000] {logging_mixin.py:190} INFO - [2026-06-09T19:11:21.041+0000] {dagbag.py:587} INFO - Filling up the DagBag from /opt/airflow/dags/ride_pipeline.py
[2026-06-09T19:11:21.755+0000] {processor.py:925} INFO - DAG(s) 'ride_pipeline_monitor' retrieved from /opt/airflow/dags/ride_pipeline.py
[2026-06-09T19:11:21.771+0000] {logging_mixin.py:190} INFO - [2026-06-09T19:11:21.771+0000] {dag.py:3211} INFO - Sync 1 DAGs
[2026-06-09T19:11:21.791+0000] {logging_mixin.py:190} INFO - [2026-06-09T19:11:21.791+0000] {dag.py:4138} INFO - Setting next_dagrun for ride_pipeline_monitor to 2026-06-09 18:00:00+00:00, run_after=2026-06-09 19:00:00+00:00
[2026-06-09T19:11:21.814+0000] {processor.py:208} INFO - Processing /opt/airflow/dags/ride_pipeline.py took 0.785 seconds
[2026-06-09T19:11:51.992+0000] {processor.py:186} INFO - Started process (PID=790) to work on /opt/airflow/dags/ride_pipeline.py
[2026-06-09T19:11:51.993+0000] {processor.py:914} INFO - Processing file /opt/airflow/dags/ride_pipeline.py for tasks to queue
[2026-06-09T19:11:51.995+0000] {logging_mixin.py:190} INFO - [2026-06-09T19:11:51.995+0000] {dagbag.py:587} INFO - Filling up the DagBag from /opt/airflow/dags/ride_pipeline.py
[2026-06-09T19:11:52.823+0000] {processor.py:925} INFO - DAG(s) 'ride_pipeline_monitor' retrieved from /opt/airflow/dags/ride_pipeline.py
[2026-06-09T19:11:52.839+0000] {logging_mixin.py:190} INFO - [2026-06-09T19:11:52.839+0000] {dag.py:3211} INFO - Sync 1 DAGs
[2026-06-09T19:11:52.859+0000] {logging_mixin.py:190} INFO - [2026-06-09T19:11:52.859+0000] {dag.py:4138} INFO - Setting next_dagrun for ride_pipeline_monitor to 2026-06-09 18:00:00+00:00, run_after=2026-06-09 19:00:00+00:00
[2026-06-09T19:11:52.884+0000] {processor.py:208} INFO - Processing /opt/airflow/dags/ride_pipeline.py took 0.899 seconds
[2026-06-09T19:12:23.173+0000] {processor.py:186} INFO - Started process (PID=794) to work on /opt/airflow/dags/ride_pipeline.py
[2026-06-09T19:12:23.174+0000] {processor.py:914} INFO - Processing file /opt/airflow/dags/ride_pipeline.py for tasks to queue
[2026-06-09T19:12:23.177+0000] {logging_mixin.py:190} INFO - [2026-06-09T19:12:23.177+0000] {dagbag.py:587} INFO - Filling up the DagBag from /opt/airflow/dags/ride_pipeline.py
[2026-06-09T19:12:23.927+0000] {processor.py:925} INFO - DAG(s) 'ride_pipeline_monitor' retrieved from /opt/airflow/dags/ride_pipeline.py
[2026-06-09T19:12:23.947+0000] {logging_mixin.py:190} INFO - [2026-06-09T19:12:23.946+0000] {dag.py:3211} INFO - Sync 1 DAGs
[2026-06-09T19:12:23.969+0000] {logging_mixin.py:190} INFO - [2026-06-09T19:12:23.969+0000] {dag.py:4138} INFO - Setting next_dagrun for ride_pipeline_monitor to 2026-06-09 18:00:00+00:00, run_after=2026-06-09 19:00:00+00:00
[2026-06-09T19:12:23.998+0000] {processor.py:208} INFO - Processing /opt/airflow/dags/ride_pipeline.py took 0.831 seconds
[2026-06-09T19:12:54.233+0000] {processor.py:186} INFO - Started process (PID=798) to work on /opt/airflow/dags/ride_pipeline.py
[2026-06-09T19:12:54.234+0000] {processor.py:914} INFO - Processing file /opt/airflow/dags/ride_pipeline.py for tasks to queue
[2026-06-09T19:12:54.237+0000] {logging_mixin.py:190} INFO - [2026-06-09T19:12:54.237+0000] {dagbag.py:587} INFO - Filling up the DagBag from /opt/airflow/dags/ride_pipeline.py
[2026-06-09T19:12:55.130+0000] {processor.py:925} INFO - DAG(s) 'ride_pipeline_monitor' retrieved from /opt/airflow/dags/ride_pipeline.py
[2026-06-09T19:12:55.145+0000] {logging_mixin.py:190} INFO - [2026-06-09T19:12:55.145+0000] {dag.py:3211} INFO - Sync 1 DAGs
[2026-06-09T19:12:55.166+0000] {logging_mixin.py:190} INFO - [2026-06-09T19:12:55.166+0000] {dag.py:4138} INFO - Setting next_dagrun for ride_pipeline_monitor to 2026-06-09 18:00:00+00:00, run_after=2026-06-09 19:00:00+00:00
[2026-06-09T19:12:55.191+0000] {processor.py:208} INFO - Processing /opt/airflow/dags/ride_pipeline.py took 0.965 seconds
[2026-06-09T19:13:25.482+0000] {processor.py:186} INFO - Started process (PID=802) to work on /opt/airflow/dags/ride_pipeline.py
[2026-06-09T19:13:25.483+0000] {processor.py:914} INFO - Processing file /opt/airflow/dags/ride_pipeline.py for tasks to queue
[2026-06-09T19:13:25.486+0000] {logging_mixin.py:190} INFO - [2026-06-09T19:13:25.486+0000] {dagbag.py:587} INFO - Filling up the DagBag from /opt/airflow/dags/ride_pipeline.py
[2026-06-09T19:13:26.259+0000] {processor.py:925} INFO - DAG(s) 'ride_pipeline_monitor' retrieved from /opt/airflow/dags/ride_pipeline.py
[2026-06-09T19:13:26.278+0000] {logging_mixin.py:190} INFO - [2026-06-09T19:13:26.278+0000] {dag.py:3211} INFO - Sync 1 DAGs
[2026-06-09T19:13:26.302+0000] {logging_mixin.py:190} INFO - [2026-06-09T19:13:26.301+0000] {dag.py:4138} INFO - Setting next_dagrun for ride_pipeline_monitor to 2026-06-09 18:00:00+00:00, run_after=2026-06-09 19:00:00+00:00
[2026-06-09T19:13:26.327+0000] {processor.py:208} INFO - Processing /opt/airflow/dags/ride_pipeline.py took 0.852 seconds
[2026-06-09T19:13:56.549+0000] {processor.py:186} INFO - Started process (PID=806) to work on /opt/airflow/dags/ride_pipeline.py
[2026-06-09T19:13:56.550+0000] {processor.py:914} INFO - Processing file /opt/airflow/dags/ride_pipeline.py for tasks to queue
[2026-06-09T19:13:56.554+0000] {logging_mixin.py:190} INFO - [2026-06-09T19:13:56.553+0000] {dagbag.py:587} INFO - Filling up the DagBag from /opt/airflow/dags/ride_pipeline.py
[2026-06-09T19:13:57.363+0000] {processor.py:925} INFO - DAG(s) 'ride_pipeline_monitor' retrieved from /opt/airflow/dags/ride_pipeline.py
[2026-06-09T19:13:57.383+0000] {logging_mixin.py:190} INFO - [2026-06-09T19:13:57.382+0000] {dag.py:3211} INFO - Sync 1 DAGs
[2026-06-09T19:13:57.402+0000] {logging_mixin.py:190} INFO - [2026-06-09T19:13:57.402+0000] {dag.py:4138} INFO - Setting next_dagrun for ride_pipeline_monitor to 2026-06-09 18:00:00+00:00, run_after=2026-06-09 19:00:00+00:00
[2026-06-09T19:13:57.425+0000] {processor.py:208} INFO - Processing /opt/airflow/dags/ride_pipeline.py took 0.883 seconds
[2026-06-09T19:14:27.618+0000] {processor.py:186} INFO - Started process (PID=810) to work on /opt/airflow/dags/ride_pipeline.py
[2026-06-09T19:14:27.619+0000] {processor.py:914} INFO - Processing file /opt/airflow/dags/ride_pipeline.py for tasks to queue
[2026-06-09T19:14:27.622+0000] {logging_mixin.py:190} INFO - [2026-06-09T19:14:27.621+0000] {dagbag.py:587} INFO - Filling up the DagBag from /opt/airflow/dags/ride_pipeline.py
[2026-06-09T19:14:28.418+0000] {processor.py:925} INFO - DAG(s) 'ride_pipeline_monitor' retrieved from /opt/airflow/dags/ride_pipeline.py
[2026-06-09T19:14:28.438+0000] {logging_mixin.py:190} INFO - [2026-06-09T19:14:28.437+0000] {dag.py:3211} INFO - Sync 1 DAGs
[2026-06-09T19:14:28.463+0000] {logging_mixin.py:190} INFO - [2026-06-09T19:14:28.463+0000] {dag.py:4138} INFO - Setting next_dagrun for ride_pipeline_monitor to 2026-06-09 18:00:00+00:00, run_after=2026-06-09 19:00:00+00:00
[2026-06-09T19:14:28.491+0000] {processor.py:208} INFO - Processing /opt/airflow/dags/ride_pipeline.py took 0.880 seconds
[2026-06-09T19:14:58.712+0000] {processor.py:186} INFO - Started process (PID=814) to work on /opt/airflow/dags/ride_pipeline.py
[2026-06-09T19:14:58.713+0000] {processor.py:914} INFO - Processing file /opt/airflow/dags/ride_pipeline.py for tasks to queue
[2026-06-09T19:14:58.721+0000] {logging_mixin.py:190} INFO - [2026-06-09T19:14:58.720+0000] {dagbag.py:587} INFO - Filling up the DagBag from /opt/airflow/dags/ride_pipeline.py
[2026-06-09T19:14:59.542+0000] {processor.py:925} INFO - DAG(s) 'ride_pipeline_monitor' retrieved from /opt/airflow/dags/ride_pipeline.py
[2026-06-09T19:14:59.561+0000] {logging_mixin.py:190} INFO - [2026-06-09T19:14:59.561+0000] {dag.py:3211} INFO - Sync 1 DAGs
[2026-06-09T19:14:59.585+0000] {logging_mixin.py:190} INFO - [2026-06-09T19:14:59.585+0000] {dag.py:4138} INFO - Setting next_dagrun for ride_pipeline_monitor to 2026-06-09 18:00:00+00:00, run_after=2026-06-09 19:00:00+00:00
[2026-06-09T19:14:59.618+0000] {processor.py:208} INFO - Processing /opt/airflow/dags/ride_pipeline.py took 0.855 seconds
[2026-06-09T19:15:29.817+0000] {processor.py:186} INFO - Started process (PID=818) to work on /opt/airflow/dags/ride_pipeline.py
[2026-06-09T19:15:29.819+0000] {processor.py:914} INFO - Processing file /opt/airflow/dags/ride_pipeline.py for tasks to queue
[2026-06-09T19:15:29.821+0000] {logging_mixin.py:190} INFO - [2026-06-09T19:15:29.821+0000] {dagbag.py:587} INFO - Filling up the DagBag from /opt/airflow/dags/ride_pipeline.py
[2026-06-09T19:15:30.594+0000] {processor.py:925} INFO - DAG(s) 'ride_pipeline_monitor' retrieved from /opt/airflow/dags/ride_pipeline.py
[2026-06-09T19:15:30.614+0000] {logging_mixin.py:190} INFO - [2026-06-09T19:15:30.613+0000] {dag.py:3211} INFO - Sync 1 DAGs
[2026-06-09T19:15:30.637+0000] {logging_mixin.py:190} INFO - [2026-06-09T19:15:30.637+0000] {dag.py:4138} INFO - Setting next_dagrun for ride_pipeline_monitor to 2026-06-09 18:00:00+00:00, run_after=2026-06-09 19:00:00+00:00
[2026-06-09T19:15:30.665+0000] {processor.py:208} INFO - Processing /opt/airflow/dags/ride_pipeline.py took 0.853 seconds
[2026-06-09T19:16:00.896+0000] {processor.py:186} INFO - Started process (PID=822) to work on /opt/airflow/dags/ride_pipeline.py
[2026-06-09T19:16:00.898+0000] {processor.py:914} INFO - Processing file /opt/airflow/dags/ride_pipeline.py for tasks to queue
[2026-06-09T19:16:00.900+0000] {logging_mixin.py:190} INFO - [2026-06-09T19:16:00.900+0000] {dagbag.py:587} INFO - Filling up the DagBag from /opt/airflow/dags/ride_pipeline.py
[2026-06-09T19:16:01.618+0000] {processor.py:925} INFO - DAG(s) 'ride_pipeline_monitor' retrieved from /opt/airflow/dags/ride_pipeline.py
[2026-06-09T19:16:01.638+0000] {logging_mixin.py:190} INFO - [2026-06-09T19:16:01.637+0000] {dag.py:3211} INFO - Sync 1 DAGs
[2026-06-09T19:16:01.657+0000] {logging_mixin.py:190} INFO - [2026-06-09T19:16:01.657+0000] {dag.py:4138} INFO - Setting next_dagrun for ride_pipeline_monitor to 2026-06-09 18:00:00+00:00, run_after=2026-06-09 19:00:00+00:00
[2026-06-09T19:16:01.680+0000] {processor.py:208} INFO - Processing /opt/airflow/dags/ride_pipeline.py took 0.791 seconds
[2026-06-09T19:16:31.979+0000] {processor.py:186} INFO - Started process (PID=826) to work on /opt/airflow/dags/ride_pipeline.py
[2026-06-09T19:16:31.980+0000] {processor.py:914} INFO - Processing file /opt/airflow/dags/ride_pipeline.py for tasks to queue
[2026-06-09T19:16:31.984+0000] {logging_mixin.py:190} INFO - [2026-06-09T19:16:31.983+0000] {dagbag.py:587} INFO - Filling up the DagBag from /opt/airflow/dags/ride_pipeline.py
[2026-06-09T19:16:32.855+0000] {processor.py:925} INFO - DAG(s) 'ride_pipeline_monitor' retrieved from /opt/airflow/dags/ride_pipeline.py
[2026-06-09T19:16:32.876+0000] {logging_mixin.py:190} INFO - [2026-06-09T19:16:32.875+0000] {dag.py:3211} INFO - Sync 1 DAGs
[2026-06-09T19:16:32.902+0000] {logging_mixin.py:190} INFO - [2026-06-09T19:16:32.902+0000] {dag.py:4138} INFO - Setting next_dagrun for ride_pipeline_monitor to 2026-06-09 18:00:00+00:00, run_after=2026-06-09 19:00:00+00:00
[2026-06-09T19:16:32.928+0000] {processor.py:208} INFO - Processing /opt/airflow/dags/ride_pipeline.py took 0.955 seconds
[2026-06-09T19:17:03.167+0000] {processor.py:186} INFO - Started process (PID=830) to work on /opt/airflow/dags/ride_pipeline.py
[2026-06-09T19:17:03.168+0000] {processor.py:914} INFO - Processing file /opt/airflow/dags/ride_pipeline.py for tasks to queue
[2026-06-09T19:17:03.170+0000] {logging_mixin.py:190} INFO - [2026-06-09T19:17:03.170+0000] {dagbag.py:587} INFO - Filling up the DagBag from /opt/airflow/dags/ride_pipeline.py
[2026-06-09T19:17:03.948+0000] {processor.py:925} INFO - DAG(s) 'ride_pipeline_monitor' retrieved from /opt/airflow/dags/ride_pipeline.py
[2026-06-09T19:17:03.964+0000] {logging_mixin.py:190} INFO - [2026-06-09T19:17:03.963+0000] {dag.py:3211} INFO - Sync 1 DAGs
[2026-06-09T19:17:03.983+0000] {logging_mixin.py:190} INFO - [2026-06-09T19:17:03.983+0000] {dag.py:4138} INFO - Setting next_dagrun for ride_pipeline_monitor to 2026-06-09 18:00:00+00:00, run_after=2026-06-09 19:00:00+00:00
[2026-06-09T19:17:04.006+0000] {processor.py:208} INFO - Processing /opt/airflow/dags/ride_pipeline.py took 0.846 seconds
[2026-06-09T19:17:34.211+0000] {processor.py:186} INFO - Started process (PID=834) to work on /opt/airflow/dags/ride_pipeline.py
[2026-06-09T19:17:34.212+0000] {processor.py:914} INFO - Processing file /opt/airflow/dags/ride_pipeline.py for tasks to queue
[2026-06-09T19:17:34.215+0000] {logging_mixin.py:190} INFO - [2026-06-09T19:17:34.215+0000] {dagbag.py:587} INFO - Filling up the DagBag from /opt/airflow/dags/ride_pipeline.py
[2026-06-09T19:17:35.035+0000] {processor.py:925} INFO - DAG(s) 'ride_pipeline_monitor' retrieved from /opt/airflow/dags/ride_pipeline.py
[2026-06-09T19:17:35.069+0000] {logging_mixin.py:190} INFO - [2026-06-09T19:17:35.068+0000] {dag.py:3211} INFO - Sync 1 DAGs
[2026-06-09T19:17:35.120+0000] {logging_mixin.py:190} INFO - [2026-06-09T19:17:35.119+0000] {dag.py:4138} INFO - Setting next_dagrun for ride_pipeline_monitor to 2026-06-09 18:00:00+00:00, run_after=2026-06-09 19:00:00+00:00
[2026-06-09T19:17:35.180+0000] {processor.py:208} INFO - Processing /opt/airflow/dags/ride_pipeline.py took 0.975 seconds
[2026-06-09T19:18:05.380+0000] {processor.py:186} INFO - Started process (PID=838) to work on /opt/airflow/dags/ride_pipeline.py
[2026-06-09T19:18:05.382+0000] {processor.py:914} INFO - Processing file /opt/airflow/dags/ride_pipeline.py for tasks to queue
[2026-06-09T19:18:05.385+0000] {logging_mixin.py:190} INFO - [2026-06-09T19:18:05.384+0000] {dagbag.py:587} INFO - Filling up the DagBag from /opt/airflow/dags/ride_pipeline.py
[2026-06-09T19:18:06.135+0000] {processor.py:925} INFO - DAG(s) 'ride_pipeline_monitor' retrieved from /opt/airflow/dags/ride_pipeline.py
[2026-06-09T19:18:06.155+0000] {logging_mixin.py:190} INFO - [2026-06-09T19:18:06.154+0000] {dag.py:3211} INFO - Sync 1 DAGs
[2026-06-09T19:18:06.176+0000] {logging_mixin.py:190} INFO - [2026-06-09T19:18:06.176+0000] {dag.py:4138} INFO - Setting next_dagrun for ride_pipeline_monitor to 2026-06-09 18:00:00+00:00, run_after=2026-06-09 19:00:00+00:00
[2026-06-09T19:18:06.203+0000] {processor.py:208} INFO - Processing /opt/airflow/dags/ride_pipeline.py took 0.829 seconds
[2026-06-09T19:18:36.446+0000] {processor.py:186} INFO - Started process (PID=842) to work on /opt/airflow/dags/ride_pipeline.py
[2026-06-09T19:18:36.447+0000] {processor.py:914} INFO - Processing file /opt/airflow/dags/ride_pipeline.py for tasks to queue
[2026-06-09T19:18:36.450+0000] {logging_mixin.py:190} INFO - [2026-06-09T19:18:36.450+0000] {dagbag.py:587} INFO - Filling up the DagBag from /opt/airflow/dags/ride_pipeline.py
[2026-06-09T19:18:37.265+0000] {processor.py:925} INFO - DAG(s) 'ride_pipeline_monitor' retrieved from /opt/airflow/dags/ride_pipeline.py
[2026-06-09T19:18:37.285+0000] {logging_mixin.py:190} INFO - [2026-06-09T19:18:37.284+0000] {dag.py:3211} INFO - Sync 1 DAGs
[2026-06-09T19:18:37.317+0000] {logging_mixin.py:190} INFO - [2026-06-09T19:18:37.316+0000] {dag.py:4138} INFO - Setting next_dagrun for ride_pipeline_monitor to 2026-06-09 18:00:00+00:00, run_after=2026-06-09 19:00:00+00:00
[2026-06-09T19:18:37.349+0000] {processor.py:208} INFO - Processing /opt/airflow/dags/ride_pipeline.py took 0.909 seconds
[2026-06-09T19:19:07.628+0000] {processor.py:186} INFO - Started process (PID=846) to work on /opt/airflow/dags/ride_pipeline.py
[2026-06-09T19:19:07.629+0000] {processor.py:914} INFO - Processing file /opt/airflow/dags/ride_pipeline.py for tasks to queue
[2026-06-09T19:19:07.633+0000] {logging_mixin.py:190} INFO - [2026-06-09T19:19:07.633+0000] {dagbag.py:587} INFO - Filling up the DagBag from /opt/airflow/dags/ride_pipeline.py
[2026-06-09T19:19:08.553+0000] {processor.py:925} INFO - DAG(s) 'ride_pipeline_monitor' retrieved from /opt/airflow/dags/ride_pipeline.py
[2026-06-09T19:19:08.570+0000] {logging_mixin.py:190} INFO - [2026-06-09T19:19:08.570+0000] {dag.py:3211} INFO - Sync 1 DAGs
[2026-06-09T19:19:08.595+0000] {logging_mixin.py:190} INFO - [2026-06-09T19:19:08.595+0000] {dag.py:4138} INFO - Setting next_dagrun for ride_pipeline_monitor to 2026-06-09 18:00:00+00:00, run_after=2026-06-09 19:00:00+00:00
[2026-06-09T19:19:08.618+0000] {processor.py:208} INFO - Processing /opt/airflow/dags/ride_pipeline.py took 0.998 seconds
[2026-06-09T19:19:38.904+0000] {processor.py:186} INFO - Started process (PID=851) to work on /opt/airflow/dags/ride_pipeline.py
[2026-06-09T19:19:38.905+0000] {processor.py:914} INFO - Processing file /opt/airflow/dags/ride_pipeline.py for tasks to queue
[2026-06-09T19:19:38.909+0000] {logging_mixin.py:190} INFO - [2026-06-09T19:19:38.908+0000] {dagbag.py:587} INFO - Filling up the DagBag from /opt/airflow/dags/ride_pipeline.py
[2026-06-09T19:19:39.717+0000] {processor.py:925} INFO - DAG(s) 'ride_pipeline_monitor' retrieved from /opt/airflow/dags/ride_pipeline.py
[2026-06-09T19:19:39.736+0000] {logging_mixin.py:190} INFO - [2026-06-09T19:19:39.736+0000] {dag.py:3211} INFO - Sync 1 DAGs
[2026-06-09T19:19:39.758+0000] {logging_mixin.py:190} INFO - [2026-06-09T19:19:39.757+0000] {dag.py:4138} INFO - Setting next_dagrun for ride_pipeline_monitor to 2026-06-09 18:00:00+00:00, run_after=2026-06-09 19:00:00+00:00
[2026-06-09T19:19:39.782+0000] {processor.py:208} INFO - Processing /opt/airflow/dags/ride_pipeline.py took 0.888 seconds
[2026-06-09T19:20:09.954+0000] {processor.py:186} INFO - Started process (PID=855) to work on /opt/airflow/dags/ride_pipeline.py
[2026-06-09T19:20:09.955+0000] {processor.py:914} INFO - Processing file /opt/airflow/dags/ride_pipeline.py for tasks to queue
[2026-06-09T19:20:09.958+0000] {logging_mixin.py:190} INFO - [2026-06-09T19:20:09.957+0000] {dagbag.py:587} INFO - Filling up the DagBag from /opt/airflow/dags/ride_pipeline.py
[2026-06-09T19:20:10.709+0000] {processor.py:925} INFO - DAG(s) 'ride_pipeline_monitor' retrieved from /opt/airflow/dags/ride_pipeline.py
[2026-06-09T19:20:10.729+0000] {logging_mixin.py:190} INFO - [2026-06-09T19:20:10.729+0000] {dag.py:3211} INFO - Sync 1 DAGs
[2026-06-09T19:20:10.751+0000] {logging_mixin.py:190} INFO - [2026-06-09T19:20:10.751+0000] {dag.py:4138} INFO - Setting next_dagrun for ride_pipeline_monitor to 2026-06-09 18:00:00+00:00, run_after=2026-06-09 19:00:00+00:00
[2026-06-09T19:20:10.779+0000] {processor.py:208} INFO - Processing /opt/airflow/dags/ride_pipeline.py took 0.831 seconds
[2026-06-09T19:20:41.010+0000] {processor.py:186} INFO - Started process (PID=859) to work on /opt/airflow/dags/ride_pipeline.py
[2026-06-09T19:20:41.012+0000] {processor.py:914} INFO - Processing file /opt/airflow/dags/ride_pipeline.py for tasks to queue
[2026-06-09T19:20:41.014+0000] {logging_mixin.py:190} INFO - [2026-06-09T19:20:41.014+0000] {dagbag.py:587} INFO - Filling up the DagBag from /opt/airflow/dags/ride_pipeline.py
[2026-06-09T19:20:41.825+0000] {processor.py:925} INFO - DAG(s) 'ride_pipeline_monitor' retrieved from /opt/airflow/dags/ride_pipeline.py
[2026-06-09T19:20:41.845+0000] {logging_mixin.py:190} INFO - [2026-06-09T19:20:41.845+0000] {dag.py:3211} INFO - Sync 1 DAGs
[2026-06-09T19:20:41.869+0000] {logging_mixin.py:190} INFO - [2026-06-09T19:20:41.868+0000] {dag.py:4138} INFO - Setting next_dagrun for ride_pipeline_monitor to 2026-06-09 18:00:00+00:00, run_after=2026-06-09 19:00:00+00:00
[2026-06-09T19:20:41.893+0000] {processor.py:208} INFO - Processing /opt/airflow/dags/ride_pipeline.py took 0.888 seconds
[2026-06-09T19:21:12.076+0000] {processor.py:186} INFO - Started process (PID=863) to work on /opt/airflow/dags/ride_pipeline.py
[2026-06-09T19:21:12.077+0000] {processor.py:914} INFO - Processing file /opt/airflow/dags/ride_pipeline.py for tasks to queue
[2026-06-09T19:21:12.080+0000] {logging_mixin.py:190} INFO - [2026-06-09T19:21:12.079+0000] {dagbag.py:587} INFO - Filling up the DagBag from /opt/airflow/dags/ride_pipeline.py
[2026-06-09T19:21:12.817+0000] {processor.py:925} INFO - DAG(s) 'ride_pipeline_monitor' retrieved from /opt/airflow/dags/ride_pipeline.py
[2026-06-09T19:21:12.837+0000] {logging_mixin.py:190} INFO - [2026-06-09T19:21:12.836+0000] {dag.py:3211} INFO - Sync 1 DAGs
[2026-06-09T19:21:12.859+0000] {logging_mixin.py:190} INFO - [2026-06-09T19:21:12.859+0000] {dag.py:4138} INFO - Setting next_dagrun for ride_pipeline_monitor to 2026-06-09 18:00:00+00:00, run_after=2026-06-09 19:00:00+00:00
[2026-06-09T19:21:12.880+0000] {processor.py:208} INFO - Processing /opt/airflow/dags/ride_pipeline.py took 0.810 seconds
[2026-06-09T19:21:43.123+0000] {processor.py:186} INFO - Started process (PID=867) to work on /opt/airflow/dags/ride_pipeline.py
[2026-06-09T19:21:43.125+0000] {processor.py:914} INFO - Processing file /opt/airflow/dags/ride_pipeline.py for tasks to queue
[2026-06-09T19:21:43.128+0000] {logging_mixin.py:190} INFO - [2026-06-09T19:21:43.127+0000] {dagbag.py:587} INFO - Filling up the DagBag from /opt/airflow/dags/ride_pipeline.py
[2026-06-09T19:21:43.869+0000] {processor.py:925} INFO - DAG(s) 'ride_pipeline_monitor' retrieved from /opt/airflow/dags/ride_pipeline.py
[2026-06-09T19:21:43.886+0000] {logging_mixin.py:190} INFO - [2026-06-09T19:21:43.886+0000] {dag.py:3211} INFO - Sync 1 DAGs
[2026-06-09T19:21:43.906+0000] {logging_mixin.py:190} INFO - [2026-06-09T19:21:43.906+0000] {dag.py:4138} INFO - Setting next_dagrun for ride_pipeline_monitor to 2026-06-09 18:00:00+00:00, run_after=2026-06-09 19:00:00+00:00
[2026-06-09T19:21:43.929+0000] {processor.py:208} INFO - Processing /opt/airflow/dags/ride_pipeline.py took 0.812 seconds
[2026-06-09T19:22:14.182+0000] {processor.py:186} INFO - Started process (PID=871) to work on /opt/airflow/dags/ride_pipeline.py
[2026-06-09T19:22:14.187+0000] {processor.py:914} INFO - Processing file /opt/airflow/dags/ride_pipeline.py for tasks to queue
[2026-06-09T19:22:14.192+0000] {logging_mixin.py:190} INFO - [2026-06-09T19:22:14.191+0000] {dagbag.py:587} INFO - Filling up the DagBag from /opt/airflow/dags/ride_pipeline.py
[2026-06-09T19:22:15.008+0000] {processor.py:925} INFO - DAG(s) 'ride_pipeline_monitor' retrieved from /opt/airflow/dags/ride_pipeline.py
[2026-06-09T19:22:15.028+0000] {logging_mixin.py:190} INFO - [2026-06-09T19:22:15.027+0000] {dag.py:3211} INFO - Sync 1 DAGs
[2026-06-09T19:22:15.058+0000] {logging_mixin.py:190} INFO - [2026-06-09T19:22:15.058+0000] {dag.py:4138} INFO - Setting next_dagrun for ride_pipeline_monitor to 2026-06-09 18:00:00+00:00, run_after=2026-06-09 19:00:00+00:00
[2026-06-09T19:22:15.085+0000] {processor.py:208} INFO - Processing /opt/airflow/dags/ride_pipeline.py took 0.912 seconds
[2026-06-09T19:22:45.381+0000] {processor.py:186} INFO - Started process (PID=875) to work on /opt/airflow/dags/ride_pipeline.py
[2026-06-09T19:22:45.386+0000] {processor.py:914} INFO - Processing file /opt/airflow/dags/ride_pipeline.py for tasks to queue
[2026-06-09T19:22:45.390+0000] {logging_mixin.py:190} INFO - [2026-06-09T19:22:45.390+0000] {dagbag.py:587} INFO - Filling up the DagBag from /opt/airflow/dags/ride_pipeline.py
[2026-06-09T19:22:46.199+0000] {processor.py:925} INFO - DAG(s) 'ride_pipeline_monitor' retrieved from /opt/airflow/dags/ride_pipeline.py
[2026-06-09T19:22:46.217+0000] {logging_mixin.py:190} INFO - [2026-06-09T19:22:46.217+0000] {dag.py:3211} INFO - Sync 1 DAGs
[2026-06-09T19:22:46.237+0000] {logging_mixin.py:190} INFO - [2026-06-09T19:22:46.237+0000] {dag.py:4138} INFO - Setting next_dagrun for ride_pipeline_monitor to 2026-06-09 18:00:00+00:00, run_after=2026-06-09 19:00:00+00:00
[2026-06-09T19:22:46.263+0000] {processor.py:208} INFO - Processing /opt/airflow/dags/ride_pipeline.py took 0.892 seconds
[2026-06-09T19:23:16.534+0000] {processor.py:186} INFO - Started process (PID=879) to work on /opt/airflow/dags/ride_pipeline.py
[2026-06-09T19:23:16.535+0000] {processor.py:914} INFO - Processing file /opt/airflow/dags/ride_pipeline.py for tasks to queue
[2026-06-09T19:23:16.539+0000] {logging_mixin.py:190} INFO - [2026-06-09T19:23:16.538+0000] {dagbag.py:587} INFO - Filling up the DagBag from /opt/airflow/dags/ride_pipeline.py
[2026-06-09T19:23:17.502+0000] {processor.py:925} INFO - DAG(s) 'ride_pipeline_monitor' retrieved from /opt/airflow/dags/ride_pipeline.py
[2026-06-09T19:23:17.522+0000] {logging_mixin.py:190} INFO - [2026-06-09T19:23:17.522+0000] {dag.py:3211} INFO - Sync 1 DAGs
[2026-06-09T19:23:17.550+0000] {logging_mixin.py:190} INFO - [2026-06-09T19:23:17.549+0000] {dag.py:4138} INFO - Setting next_dagrun for ride_pipeline_monitor to 2026-06-09 18:00:00+00:00, run_after=2026-06-09 19:00:00+00:00
[2026-06-09T19:23:17.577+0000] {processor.py:208} INFO - Processing /opt/airflow/dags/ride_pipeline.py took 1.049 seconds
[2026-06-09T19:23:47.796+0000] {processor.py:186} INFO - Started process (PID=883) to work on /opt/airflow/dags/ride_pipeline.py
[2026-06-09T19:23:47.797+0000] {processor.py:914} INFO - Processing file /opt/airflow/dags/ride_pipeline.py for tasks to queue
[2026-06-09T19:23:47.801+0000] {logging_mixin.py:190} INFO - [2026-06-09T19:23:47.801+0000] {dagbag.py:587} INFO - Filling up the DagBag from /opt/airflow/dags/ride_pipeline.py
[2026-06-09T19:23:48.596+0000] {processor.py:925} INFO - DAG(s) 'ride_pipeline_monitor' retrieved from /opt/airflow/dags/ride_pipeline.py
[2026-06-09T19:23:48.615+0000] {logging_mixin.py:190} INFO - [2026-06-09T19:23:48.614+0000] {dag.py:3211} INFO - Sync 1 DAGs
[2026-06-09T19:23:48.641+0000] {logging_mixin.py:190} INFO - [2026-06-09T19:23:48.640+0000] {dag.py:4138} INFO - Setting next_dagrun for ride_pipeline_monitor to 2026-06-09 18:00:00+00:00, run_after=2026-06-09 19:00:00+00:00
[2026-06-09T19:23:48.665+0000] {processor.py:208} INFO - Processing /opt/airflow/dags/ride_pipeline.py took 0.877 seconds
[2026-06-09T19:24:18.854+0000] {processor.py:186} INFO - Started process (PID=887) to work on /opt/airflow/dags/ride_pipeline.py
[2026-06-09T19:24:18.855+0000] {processor.py:914} INFO - Processing file /opt/airflow/dags/ride_pipeline.py for tasks to queue
[2026-06-09T19:24:18.858+0000] {logging_mixin.py:190} INFO - [2026-06-09T19:24:18.858+0000] {dagbag.py:587} INFO - Filling up the DagBag from /opt/airflow/dags/ride_pipeline.py
[2026-06-09T19:24:19.715+0000] {processor.py:925} INFO - DAG(s) 'ride_pipeline_monitor' retrieved from /opt/airflow/dags/ride_pipeline.py
[2026-06-09T19:24:19.733+0000] {logging_mixin.py:190} INFO - [2026-06-09T19:24:19.732+0000] {dag.py:3211} INFO - Sync 1 DAGs
[2026-06-09T19:24:19.758+0000] {logging_mixin.py:190} INFO - [2026-06-09T19:24:19.758+0000] {dag.py:4138} INFO - Setting next_dagrun for ride_pipeline_monitor to 2026-06-09 18:00:00+00:00, run_after=2026-06-09 19:00:00+00:00
[2026-06-09T19:24:19.786+0000] {processor.py:208} INFO - Processing /opt/airflow/dags/ride_pipeline.py took 0.941 seconds
[2026-06-09T19:24:50.000+0000] {processor.py:186} INFO - Started process (PID=891) to work on /opt/airflow/dags/ride_pipeline.py
[2026-06-09T19:24:50.001+0000] {processor.py:914} INFO - Processing file /opt/airflow/dags/ride_pipeline.py for tasks to queue
[2026-06-09T19:24:50.004+0000] {logging_mixin.py:190} INFO - [2026-06-09T19:24:50.003+0000] {dagbag.py:587} INFO - Filling up the DagBag from /opt/airflow/dags/ride_pipeline.py
[2026-06-09T19:24:50.829+0000] {processor.py:925} INFO - DAG(s) 'ride_pipeline_monitor' retrieved from /opt/airflow/dags/ride_pipeline.py
[2026-06-09T19:24:50.848+0000] {logging_mixin.py:190} INFO - [2026-06-09T19:24:50.848+0000] {dag.py:3211} INFO - Sync 1 DAGs
[2026-06-09T19:24:50.871+0000] {logging_mixin.py:190} INFO - [2026-06-09T19:24:50.871+0000] {dag.py:4138} INFO - Setting next_dagrun for ride_pipeline_monitor to 2026-06-09 18:00:00+00:00, run_after=2026-06-09 19:00:00+00:00
[2026-06-09T19:24:50.900+0000] {processor.py:208} INFO - Processing /opt/airflow/dags/ride_pipeline.py took 0.906 seconds
[2026-06-09T19:25:21.159+0000] {processor.py:186} INFO - Started process (PID=895) to work on /opt/airflow/dags/ride_pipeline.py
[2026-06-09T19:25:21.160+0000] {processor.py:914} INFO - Processing file /opt/airflow/dags/ride_pipeline.py for tasks to queue
[2026-06-09T19:25:21.163+0000] {logging_mixin.py:190} INFO - [2026-06-09T19:25:21.163+0000] {dagbag.py:587} INFO - Filling up the DagBag from /opt/airflow/dags/ride_pipeline.py
[2026-06-09T19:25:21.942+0000] {processor.py:925} INFO - DAG(s) 'ride_pipeline_monitor' retrieved from /opt/airflow/dags/ride_pipeline.py
[2026-06-09T19:25:21.958+0000] {logging_mixin.py:190} INFO - [2026-06-09T19:25:21.957+0000] {dag.py:3211} INFO - Sync 1 DAGs
[2026-06-09T19:25:21.979+0000] {logging_mixin.py:190} INFO - [2026-06-09T19:25:21.978+0000] {dag.py:4138} INFO - Setting next_dagrun for ride_pipeline_monitor to 2026-06-09 18:00:00+00:00, run_after=2026-06-09 19:00:00+00:00
[2026-06-09T19:25:22.003+0000] {processor.py:208} INFO - Processing /opt/airflow/dags/ride_pipeline.py took 0.850 seconds
[2026-06-09T19:25:52.213+0000] {processor.py:186} INFO - Started process (PID=899) to work on /opt/airflow/dags/ride_pipeline.py
[2026-06-09T19:25:52.214+0000] {processor.py:914} INFO - Processing file /opt/airflow/dags/ride_pipeline.py for tasks to queue
[2026-06-09T19:25:52.217+0000] {logging_mixin.py:190} INFO - [2026-06-09T19:25:52.217+0000] {dagbag.py:587} INFO - Filling up the DagBag from /opt/airflow/dags/ride_pipeline.py
[2026-06-09T19:25:53.112+0000] {processor.py:925} INFO - DAG(s) 'ride_pipeline_monitor' retrieved from /opt/airflow/dags/ride_pipeline.py
[2026-06-09T19:25:53.131+0000] {logging_mixin.py:190} INFO - [2026-06-09T19:25:53.130+0000] {dag.py:3211} INFO - Sync 1 DAGs
[2026-06-09T19:25:53.156+0000] {logging_mixin.py:190} INFO - [2026-06-09T19:25:53.155+0000] {dag.py:4138} INFO - Setting next_dagrun for ride_pipeline_monitor to 2026-06-09 18:00:00+00:00, run_after=2026-06-09 19:00:00+00:00
[2026-06-09T19:25:53.197+0000] {processor.py:208} INFO - Processing /opt/airflow/dags/ride_pipeline.py took 0.991 seconds
[2026-06-09T19:26:23.403+0000] {processor.py:186} INFO - Started process (PID=903) to work on /opt/airflow/dags/ride_pipeline.py
[2026-06-09T19:26:23.404+0000] {processor.py:914} INFO - Processing file /opt/airflow/dags/ride_pipeline.py for tasks to queue
[2026-06-09T19:26:23.409+0000] {logging_mixin.py:190} INFO - [2026-06-09T19:26:23.409+0000] {dagbag.py:587} INFO - Filling up the DagBag from /opt/airflow/dags/ride_pipeline.py
[2026-06-09T19:26:24.250+0000] {processor.py:925} INFO - DAG(s) 'ride_pipeline_monitor' retrieved from /opt/airflow/dags/ride_pipeline.py
[2026-06-09T19:26:24.279+0000] {logging_mixin.py:190} INFO - [2026-06-09T19:26:24.278+0000] {dag.py:3211} INFO - Sync 1 DAGs
[2026-06-09T19:26:24.304+0000] {logging_mixin.py:190} INFO - [2026-06-09T19:26:24.304+0000] {dag.py:4138} INFO - Setting next_dagrun for ride_pipeline_monitor to 2026-06-09 18:00:00+00:00, run_after=2026-06-09 19:00:00+00:00
[2026-06-09T19:26:24.332+0000] {processor.py:208} INFO - Processing /opt/airflow/dags/ride_pipeline.py took 0.936 seconds
[2026-06-09T19:26:54.558+0000] {processor.py:186} INFO - Started process (PID=907) to work on /opt/airflow/dags/ride_pipeline.py
[2026-06-09T19:26:54.560+0000] {processor.py:914} INFO - Processing file /opt/airflow/dags/ride_pipeline.py for tasks to queue
[2026-06-09T19:26:54.563+0000] {logging_mixin.py:190} INFO - [2026-06-09T19:26:54.562+0000] {dagbag.py:587} INFO - Filling up the DagBag from /opt/airflow/dags/ride_pipeline.py
[2026-06-09T19:26:55.391+0000] {processor.py:925} INFO - DAG(s) 'ride_pipeline_monitor' retrieved from /opt/airflow/dags/ride_pipeline.py
[2026-06-09T19:26:55.430+0000] {logging_mixin.py:190} INFO - [2026-06-09T19:26:55.429+0000] {dag.py:3211} INFO - Sync 1 DAGs
[2026-06-09T19:26:55.489+0000] {logging_mixin.py:190} INFO - [2026-06-09T19:26:55.488+0000] {dag.py:4138} INFO - Setting next_dagrun for ride_pipeline_monitor to 2026-06-09 18:00:00+00:00, run_after=2026-06-09 19:00:00+00:00
[2026-06-09T19:26:55.558+0000] {processor.py:208} INFO - Processing /opt/airflow/dags/ride_pipeline.py took 1.006 seconds
[2026-06-09T19:27:25.815+0000] {processor.py:186} INFO - Started process (PID=911) to work on /opt/airflow/dags/ride_pipeline.py
[2026-06-09T19:27:25.816+0000] {processor.py:914} INFO - Processing file /opt/airflow/dags/ride_pipeline.py for tasks to queue
[2026-06-09T19:27:25.818+0000] {logging_mixin.py:190} INFO - [2026-06-09T19:27:25.818+0000] {dagbag.py:587} INFO - Filling up the DagBag from /opt/airflow/dags/ride_pipeline.py
[2026-06-09T19:27:26.617+0000] {processor.py:925} INFO - DAG(s) 'ride_pipeline_monitor' retrieved from /opt/airflow/dags/ride_pipeline.py
[2026-06-09T19:27:26.634+0000] {logging_mixin.py:190} INFO - [2026-06-09T19:27:26.633+0000] {dag.py:3211} INFO - Sync 1 DAGs
[2026-06-09T19:27:26.653+0000] {logging_mixin.py:190} INFO - [2026-06-09T19:27:26.653+0000] {dag.py:4138} INFO - Setting next_dagrun for ride_pipeline_monitor to 2026-06-09 18:00:00+00:00, run_after=2026-06-09 19:00:00+00:00
[2026-06-09T19:27:26.680+0000] {processor.py:208} INFO - Processing /opt/airflow/dags/ride_pipeline.py took 0.871 seconds
[2026-06-09T19:27:56.863+0000] {processor.py:186} INFO - Started process (PID=915) to work on /opt/airflow/dags/ride_pipeline.py
[2026-06-09T19:27:56.864+0000] {processor.py:914} INFO - Processing file /opt/airflow/dags/ride_pipeline.py for tasks to queue
[2026-06-09T19:27:56.867+0000] {logging_mixin.py:190} INFO - [2026-06-09T19:27:56.867+0000] {dagbag.py:587} INFO - Filling up the DagBag from /opt/airflow/dags/ride_pipeline.py
[2026-06-09T19:27:57.629+0000] {processor.py:925} INFO - DAG(s) 'ride_pipeline_monitor' retrieved from /opt/airflow/dags/ride_pipeline.py
[2026-06-09T19:27:57.647+0000] {logging_mixin.py:190} INFO - [2026-06-09T19:27:57.646+0000] {dag.py:3211} INFO - Sync 1 DAGs
[2026-06-09T19:27:57.672+0000] {logging_mixin.py:190} INFO - [2026-06-09T19:27:57.671+0000] {dag.py:4138} INFO - Setting next_dagrun for ride_pipeline_monitor to 2026-06-09 18:00:00+00:00, run_after=2026-06-09 19:00:00+00:00
[2026-06-09T19:27:57.698+0000] {processor.py:208} INFO - Processing /opt/airflow/dags/ride_pipeline.py took 0.842 seconds
[2026-06-09T19:28:27.937+0000] {processor.py:186} INFO - Started process (PID=919) to work on /opt/airflow/dags/ride_pipeline.py
[2026-06-09T19:28:27.938+0000] {processor.py:914} INFO - Processing file /opt/airflow/dags/ride_pipeline.py for tasks to queue
[2026-06-09T19:28:27.943+0000] {logging_mixin.py:190} INFO - [2026-06-09T19:28:27.942+0000] {dagbag.py:587} INFO - Filling up the DagBag from /opt/airflow/dags/ride_pipeline.py
[2026-06-09T19:28:28.701+0000] {processor.py:925} INFO - DAG(s) 'ride_pipeline_monitor' retrieved from /opt/airflow/dags/ride_pipeline.py
[2026-06-09T19:28:28.718+0000] {logging_mixin.py:190} INFO - [2026-06-09T19:28:28.718+0000] {dag.py:3211} INFO - Sync 1 DAGs
[2026-06-09T19:28:28.740+0000] {logging_mixin.py:190} INFO - [2026-06-09T19:28:28.740+0000] {dag.py:4138} INFO - Setting next_dagrun for ride_pipeline_monitor to 2026-06-09 18:00:00+00:00, run_after=2026-06-09 19:00:00+00:00
[2026-06-09T19:28:28.764+0000] {processor.py:208} INFO - Processing /opt/airflow/dags/ride_pipeline.py took 0.835 seconds
[2026-06-09T19:28:58.908+0000] {processor.py:186} INFO - Started process (PID=923) to work on /opt/airflow/dags/ride_pipeline.py
[2026-06-09T19:28:58.909+0000] {processor.py:914} INFO - Processing file /opt/airflow/dags/ride_pipeline.py for tasks to queue
[2026-06-09T19:28:58.912+0000] {logging_mixin.py:190} INFO - [2026-06-09T19:28:58.912+0000] {dagbag.py:587} INFO - Filling up the DagBag from /opt/airflow/dags/ride_pipeline.py
[2026-06-09T19:28:59.613+0000] {processor.py:925} INFO - DAG(s) 'ride_pipeline_monitor' retrieved from /opt/airflow/dags/ride_pipeline.py
[2026-06-09T19:28:59.627+0000] {logging_mixin.py:190} INFO - [2026-06-09T19:28:59.626+0000] {dag.py:3211} INFO - Sync 1 DAGs
[2026-06-09T19:28:59.647+0000] {logging_mixin.py:190} INFO - [2026-06-09T19:28:59.647+0000] {dag.py:4138} INFO - Setting next_dagrun for ride_pipeline_monitor to 2026-06-09 18:00:00+00:00, run_after=2026-06-09 19:00:00+00:00
[2026-06-09T19:28:59.671+0000] {processor.py:208} INFO - Processing /opt/airflow/dags/ride_pipeline.py took 0.770 seconds
